approved	datestart	dateend	label	name	shortname	hashtag	homepage	city	country	venue	OSM-Link	coclink	Self-description	cfpdate	cfplink	type	tags	EntranceFee	Registration	ParticipantsLastTime	Main language	Twitter	Facebook	Mastodong
yes	20200123	20200123	Connected Smart Cities Conference	Connected Smart Cities Conference	CSCC	CSCC19	https://oascities.org/event/connected-smart-cities-conference-2020/	Brussels	BE	--	--	--	The Connected Smart Cities Conference 2020 (CSCC) is the annual community event organised by Open & Agile Smart Cities. CSCC brings together city representatives, companies, research, and policy-makers to discuss the state of smart cities & communities and how to make smart cities open, interoperable and more sustainable.	--	--	Conference,Exhibition	Policy,Sustainability,Smart City,Interoperability	--	yes	--	EN			
yes	20200124	20200126	DevConf.cz	DevConf.cz	--	--	https://www.devconf.info/cz/	Brno	CZ	Faculty of Information Technology	https://www.openstreetmap.org/#map=17/49.22693/16.59662	https://www.devconf.info/coc	DevConf.CZ 2020 is the 12th annual, free, Red Hat sponsored community conference for developers, admins, DevOps engineers, testers, documentation writers and other contributors to open source technologies. The conference includes topics on Linux, Middleware, Virtualization, Storage, Cloud and mobile. At DevConf.CZ, FLOSS communities sync, share, and hack on upstream projects together in the beautiful city of Brno, Czech Republic.	20191101	https://cfp.devconf.info/	Conference,Community	Red Hat	0	yes	--	EN			
yes	20200131	20200131	CHAOSScon Europe	CHAOSScon Europe 2020	--	--	https://chaoss.community/chaosscon-2020-eu/	Brussels	BE	Hotel ibis Brussels City Centre	https://www.openstreetmap.org/node/3929554270	https://github.com/chaoss/governance/blob/master/code-of-conduct.md	Learn about open source project health metrics and tools used by open source projects, communities, and engineering teams to track and analyze their community work. This conference will provide a venue for discussing open source project health, CHAOSS updates, use cases, and hands-on workshops for developers, community managers, project managers, and anyone interested in measuring open source project health. We will also share insights from the CHAOSS working groups on Diversity and Inclusion, Evolution, Risk, Value, and Common Metrics.	20191130	https://forms.gle/BntnBffNHHQwuQDE6	Conference,Community	--	0	--	--	EN			
yes	20200201	20200202	FOSDEM	Free and Open Source Software Developers European Meeting	FOSDEM	fosdem, fosdem20	https://fosdem.org/2019/	Brussels	BE	Université Libre Bruxelles	https://www.openstreetmap.org/?mlat=50.81295&mlon=4.38002#map=18/50.81295/4.38002	https://fosdem.org/2018/practical/conduct/	<p>FOSDEM is a free event for software developers to meet, share ideas and collaborate.</p> <p>Every year, thousands of developers of free and open source software from all over the world gather at the event in Brussels.</p>	20191108	https://fosdem.org/2020/news/2019-08-13-call-for-participation/	Conference,Community	Development,Security	0	--	7500	EN			
yes	20200203	20200203	CopyleftConf	Second Annual International Copyleft Conference	CopyleftConf	--	https://2020.copyleftconf.org/	Brussels	BE	La Tricoterie	https://www.openstreetmap.org/way/225596975	https://2020.copyleftconf.org/code-of-conduct	This will be the second annual International Copyleft Conference. Participants from throughout the copyleft world — developers, strategists, enforcement organizations, scholars and critics — will be welcomed for an in-depth, high bandwidth, and expert-level discussion about the day-to-day details of using copyleft licensing, obstacles facing copyleft and the future of copyleft as a strategy to advance and defend software freedom for users and developers around the world.	20191103	https://2020.copyleftconf.org/program/call-for-proposals	Conference,Community	Copyleft	0	--	150	EN			
yes	20200203	20200205	Config Management Camp	Configuration Management Camp	CfgMgmtCamp	--	https://cfgmgmtcamp.eu/	Gent	BE	HoGent - Campus SchoonMeersen	https://www.openstreetmap.org/?mlat=51.03425&mlon=3.70149#map=19/51.03425/3.70149	https://cfgmgmtcamp.eu/ghent2020/codeofconduct/	Configuration Management Camp is the event for technologists interested Open Source Infrastructure automation and related topics. This includes but is not limited to top Open Source Configuration Management, Provisioning, Orchestration, Choreography, Container Operations, and many more topics.	20191103	https://cfp.cfgmgmtcamp.be/2020/cfp	Conference,Community	Infrastructure,Configuration Management	--	--	--	--			
yes	20200214	20200214	I love Free Software Day	I love Free Software Day	IloveFS-day	IloveFS	https://ilovefs.org/	--	--	--	--	--	--	--	--	Global Day	--	--	--	--	--			
--	20190215	20190217	Drupalcamp	Drupalcamp	--	--	https://paris2019.drupal.fr/	Paris	FR	Espace Saint-Martin	https://www.openstreetmap.org/?mlat=48.86336&mlon=2.35238#map=19/48.86336/2.35238	https://paris2019.drupal.fr/	Cet événement est organisé bénévolement par et pour la communauté Drupal. Il est porté administrativement et financièrement par l'association Drupal France et Francophonie.	--	--	--	--	--	--	--	--			
--	20190223	20190223	Winterkongress	Winterkongress der Digitalen Gesellschaft	--	--	https://www.digitale-gesellschaft.ch/kongress/2019/	Zurich	CH	Zentrum Karl der Grosse	https://www.openstreetmap.org/node/317774611	--	--	--	--	--	--	--	--	--	--			
--	20190301	20190304	Faqin	Faqin	--	--	https://www.faqin.org/	Madrid	ES	hidden	--	--	<p>The FAQin Congress is a free to attend, self-maintained, community-driven, sponsor-free event</p><p>Faqin encourages creativity and enables attendants to interact with each other in developing their own knowledge and exploring, showing, teaching, learning, sharing, *.* types of hacking.</p><p>We don't buy nor sell anything.</p>	--	--	--	--	--	--	--	EN			
--	20190302	20190302	IV Congrés de Sobirania Tecnològica	IV Congrés de Sobirania Tecnològica	--	--	http://sobtec.cat/	Barcelona	ES	--	https://www.openstreetmap.org/?mlat=41.3730&mlon=2.1366#map=15/41.3730/2.1366	--	--	--	--	--	--	--	--	--	--			
--	20190302	20190303	Installfest	Installfest	--	--	https://installfest.cz/if19	Prague	CZ	Fakulta elektrotechnicka	https://www.openstreetmap.org/?mlat=50.08006&mlon=14.39048#map=19/50.08006/14.39048	--	--	20181219	https://installfest.cz/if19/news/2	--	--	--	--	--	--			
--	20190304	20190304	Open Belgium	Open Belgium	--	OpenBelgium19	http://www.openbelgium.be/	Brussel	BE	Herman Teirlinck Building	https://www.openstreetmap.org/way/444059131	http://2019.openbelgium.be/code-conduct	Open Belgium is an annual event about open knowledge and open data, gathering industry, research, government and citizen stakeholders. Experience this one-day community driven conference with talks, discussions, panels, workshops and become part of the open community.	--	--	--	--	--	--	--	--			
nada	20190307	20190310	Drupal Mountain Camp	Drupal Mountain Camp	--	--	https://drupalmountaincamp.ch/	Davos	CH	--	https://www.openstreetmap.org/way/219442526	https://drupalmountaincamp.ch/code-conduct	--	--	--	--	--	--	--	--	--			
yes	20200313	20200315	DrupalCamp London	DrupalCamp London 2020	--	--	https://groups.drupal.org/node/535355	London	UK	University of London	--	--	DrupalCamp London brings together hundreds of people from across the globe who use, develop, design, and support the Drupal platform. It’s a chance for Drupalers from all backgrounds to meet, discuss, and engage in the Drupal community and project.	--	--	Conference,Project	Drupal	--	--	--	--			
yes	20200311	20200314	FOSSGIS-Konferenz	FOSSGIS-Konferenz 2020	--	--	https://www.fossgis-konferenz.de/2020/	Freiburg	DE	Albert-Ludwigs-Universität	https://www.openstreetmap.org/way/102476555	--	Die FOSSGIS-Konferenz ist die führende Konferenz für Freie und Open Source Software Geo-Software und OpenStreetMap.	20191117	https://www.fossgis-konferenz.de/2020/callforpapers/	Conference,Community	--	100-300	yes	--	DE			
--	20190314	20190316	Free Silicon Conference	Free Silicon Conference	--	FSiC2019	https://f-si.org/	Paris	FR	Sorbonne University	https://www.openstreetmap.org/way/17044233#map=19/48.83982/2.35396	--	--	--	--	--	--	--	--	--	--			
yes	20200312	20120314	t3chfest	t3chfest	--	T3chfest2020	https://t3chfest.uc3m.es/2019/	Madrid	ES	Auditorio Universidad Carlos III	https://www.openstreetmap.org/#map=18/40.33250/-3.76546	https://t3chfest.uc3m.es/2020/codigo-conducta/	--	--	--	Conference,Community,Exhibition	Hackathon,Programming	--	--	2000	ES	https://twitter.com/t3chfest		
--	20190316	20190317	Chemnitzer Linux-Tage	Chemnitzer Linux-Tage	CLT	CLT2019	https://chemnitzer.linux-tage.de/2019/	Chemnitz	DE	Technische Universität Chemnitz	https://www.openstreetmap.org/way/30742889	--	The Chemnitz Linux Days stand for a cosmopolitan and peaceful communication with each other. We promote and welcome an open society, from which many new and good ideas emerge. We warmly welcome guests of all nations and look forward to 16./17. March 2019 and our international audience at the 21. Chhemnitzer Linux-Tagen	--	--	--	--	--	--	--	--			
yes	20200320	20200320	Libre en Fête	Libre en Fête	--	--	https://www.libre-en-fete.net/2020/	--	FR	--	--	--	--	--	--	Regional Day	--	--	--	--	--			
--	20190325	20190329	Taller de Periodismo de Datos	Taller de Periodismo de Datos	--	--	https://www.medialab-prado.es/programas/taller-de-periodismo-de-datos-2019-sigue-el-rastro-de-la-comida	Madrid	ES	Medialab Prado	https://www.openstreetmap.org/way/219016719	--	--	--	--	--	--	--	--	--	--			
yes	20200331	20200402	Collaborations Workshop	Collaborations Workshop 2020	CW20	CollabW20	https://www.software.ac.uk/cw19	Belfast	UK	Queen's University	https://www.openstreetmap.org/relation/9300103	https://www.software.ac.uk/cw20/code-conduct	<p>The Software Sustainability Institute’s Collaborations Workshop series brings together researchers, developers, innovators, managers, funders, publishers, leaders and educators to explore best practices and the future of research software. Collaborations Workshop 2020 (CW20) takes place from Tuesday 31st March to Wednesday 1st April 2020 at Queen's University, Belfast. The CW20 Hack Day takes place on the evening of Wednesday 1st of April to end of the working day Thursday 2nd of April at Ulster University, Belfast. The themes at CW20 are:</p><ul><li>Open Research</li><li>Data Privacy</li><li>Software Sustainability</li></ul>	--	--	Conference,Science	Hack Day	6	https://www.eventbrite.co.uk/e/collaborations-workshop-2020-cw20-collabw20-tickets-72375437883	--	EN			
yes	20200420	20200424	Internet Freedom Festival	Internet Freedom Festival	IFF	--	https://internetfreedomfestival.org/	Valencia	ES	Las Naves	https://www.openstreetmap.org/way/158789093	https://internetfreedomfestival.org/wiki/index.php/Code_of_Conduct	The Internet Freedom Festival is the only organization focused entirely in community development for the Internet Freedom field. We design programs and tools to bring together the eclectic plethora of activist groups, NGOs, governmental agencies, media organizations, large internet platforms, and many others who rely on each other to achieve the common goal of a free and open internet for all.	--	--	Unconference	--	0	yes	1700	EN	https://twitter.com/internetff		
--	20190404	20190407	Software Freedom Kosova	Software Freedom Kosova	SFK	--	https://sfk.flossk.org/sfk19/	Prishtina	KO	Kino Armata	https://www.openstreetmap.org/?mlat=42.66068&mlon=21.16014#map=19/42.66068/21.16014	https://sfk.flossk.org/sfk19/#collapseabout1	Software Freedom Kosova is the annual international conference held in Kosovo organized to promote free/libre open source software, free culture and open knowledge, now in its 8th edition and 10th anniversary (yaaay!). It is organized by FLOSSK, a non governmental, not for profit organization, dedicated to promotion of software freedom and related philosophies. Almost all sessions will be held in English. Entry is free, thanks to our partners and supporters, but you have to register. 	--	--	--	--	--	--	--	--			
--	20190406	20190406	Linux InfoTag	Linux InfoTag	--	--	https://www.luga.de/Aktionen/LIT-2019/	Augsburg	DE	Hochschule Augsburg	https://www.openstreetmap.org/index.html?mlat=48.3584&mlon=10.9061&zoom=16	--	Auf dem Linux-Infotag können sich Neulinge einen Überblick über die Anwendungsmöglichkeiten von Linux und Open-Source-Software verschaffen und fortgeschrittene NutzerInnen können sich durch den Einblick in neue Entwicklungen inspirieren lassen. Projektstände bieten die Möglichkeit zum direkten Kontakt zwischen EntwicklerInnen, ProtagonistInnen und AnwenderInnen. Außerdem wird der Bogen zu allgemeineren Themen wie Kunst und digitale Gesellschaft gespannt.	20190324	https://frab.luga.de/en/LIT2019/cfp/	--	--	--	--	350	--			
--	20190406	20190406	Open Education Day	Open Education Day	--	--	https://openeducationday.ch/	Bern	CH	Pädagogische Hochschule	https://www.openstreetmap.org/node/6140870034	--	Mit einer breiten Palette von Referaten, Workshops und Kurzpräsentationen vermittelt die kostenlose Tagung Wissen und Erfahrung zu Open Source Technologien, Open Content und Informatikkompetenzen im Lehrplan 21.	--	--	--	--	--	--	--	--			
--	20190406	20190407	Les Journées du Logiciel Libre	Les Journées du Logiciel Libre	--	--	https://jdll.org/	Lyon	FR	Maison Pour Tous – salle des Rancy 	https://www.openstreetmap.org/way/49680968	--	Lieu de rencontre bouillonnant depuis 1998, les journées du logiciel libre accueillent le temps d'un week-end les curieuses et curieux de tout bord. Qu'importe votre niveau, venez vous initier, partager vos idées, vos programmes, vos projets et construire ensemble des lendemains plus libres !	20190214	https://jdll.org/participer	--	--	--	--	--	--			
--	20190406	20190407	16th Linux Session 	16th Linux Session 	--	--	https://16.sesja.linuksowa.pl/en	Wrocław	PL	Congress Center of the Wrocław University	https://www.openstreetmap.org/#map=18/51.11043/17.06002	--	Linux Session is a conference about Open Source solutions and latest trends in Linux-based systems.	open	https://16.sesja.linuksowa.pl/en#cfp	--	--	--	--	--	--			
--	20190407	20190410	foss-north	foss-north	--	--	https://foss-north.se/2019/	Gothenburg	SE	Chalmers Conference Centre	https://www.openstreetmap.org/node/6390774037	https://foss-north.se/2019/coc.html	foss-north is a free / open source conference covering both software and hardware from the technical perspective. Hosted in Gothenburg between Copenhagen, Oslo, and Stockholm, with an international airport, we provide a meeting place for the Nordic foss communities and will bring together great speakers with a great audience.	20190224	https://foss-north.se/2019/contribute.html#call-for-papers	Conference,Community	hardware	yes	--	250	--			
--	20190410	20190412	DjangoCon Europe	DjangoCon Europe	--	--	https://2019.djangocon.eu/	Copenhagen	DK	AFUK	https://www.openstreetmap.org/node/5641873807	https://2019.djangocon.eu/conduct/	DjangoCon Europe is run by the community for the community: We are the 11th European conference, made up of Django practitioners from all levels. We welcome people from all over the world. Our conference seeks to educate and develop new skills, best practices and ideas for the benefit of attendees, developers, speakers and everyone in our global Django Community, not least those watching the talks online.	20190120	https://2019.djangocon.eu/cfp/	Conference,Project	Django	yes	--	--	--			
--	20190418	20190419	DORS/CLUC	DORS/CLUC	--	--	https://2019.dorscluc.org/conference/	Zagreb	HR	Faculty of Electrical Engineering and Computing	https://www.openstreetmap.org/way/201559182	https://2019.dorscluc.org/code-of-conduct/	DORS/CLUC - Dani otvorenih računarskih sustava / Croatian Linux Users' Conference - is the oldest and biggest regional conference that covers free and open source software, open standards, and the Linux operating system. For the last 26 years, DORS/CLUC has brought together many prominent individuals and companies from the free and open source software community. 	20190309	https://2019.dorscluc.org/talk-workshop-applications/	--	--	--	--	--	--			
--	20190419	20190422	Easterhegg	Easterhegg	--	--	https://eh19.easterhegg.eu/	Vienna	AU	Technischen Universität Wien	https://www.openstreetmap.org/relation/2650012	--	--	20190225	https://conference.c3w.at/eh19/cfp	--	--	--	--	--	--			
--	20190419	20190422	Hack the Earth	Hack the Earth	--	--	https://calafou.org/en/content/programa-hack-earth-2019-futurotop%C3%ADas/		ES	Calafou	https://www.openstreetmap.org/way/159687510	--	We are publishing the workshops and confirmed presentations for the Hack the Earth 2019 on the theme of Futurotopias - Communities to change everything.  If you want to contribute a workshop or an activity you can send an email to Calafou (at) riseup.net to be programmed.  There will also be a space during the event for all the proposals that have come to us from people who want to share knowledge or art. All the info to sign up and other logistical issues can be found here.	--	--	--	--	--	--	--	--			
--	20190426	20190427	Grazer LinuxTage	Grazer LinuxTage	--	--	https://www.linuxtage.at/	Graz	AU	Technische Universität Graz	https://www.openstreetmap.org/way/145408855	https://www.linuxtage.at/coc	Die Grazer Linuxtage sind eine jährliche Konferenz rund um Open-Source Software und Hardware in Graz.	20190217	https://pretalx.linuxtage.at/glt19/cfp	--	--	--	--	--	--			
--	20190426	20190427	Linuxwochen Eisenstadt	Linuxwochen	--	--	https://www.linuxwochen.at/linuxwochen-eisenstadt-summary	Eisenstadt	AT	Studienzentrum der Fachhochschule Burgenland 	https://www.openstreetmap.org/way/370187001	--	--	open	https://www.linuxwochen.at/linuxwochen-eisenstadt-summary	--	--	--	--	--	--			
--	20190427	20190427	FLISOL	Festival Latinoamericano de Instalación de Software Libre	--	--	https://flisol.info/FLISOL2019/Espana	--	--	--	--	--	Cada año, el cuarto sábado de abril se organizan jornadas de difusión de Software Libre de forma simultánea en varios cientos de localidades del planeta, un macroevento conocido como FLISOL. Hace ya 9 años se organizó por primera vez en España, por lo que en 2019 será la 10ª vez que se realice. Y es que lo gratificante de la experiencia y la importancia de apoyar y difundir el Software Libre en nuestro entorno, nos motiva a continuar año tras año. 	--	--	--	--	--	--	--	--			
--	20190427	20190427	Frühlingsfest	Frühlingsfest	--	--	https://fruehlingsfest.frama.site/	Munich	DE	Café Netzwerk	https://www.openstreetmap.org/node/957531675	--	--	--	--	--	--	--	--	--	--			
--	20190502	20190504	Linuxwochen Wien	LinuxWochenWien	--	--	http://wien.linuxwochen.at/	Vienna	AT	--		--	--	--	--	--	--	--	--	--	--			
--	20190504	20190505	FOSSA	Free and Open Source Software Auditing 	EU-FOSSA2	FOSSA	https://eufossahackathon.bemyapp.com/	Brussels	BE	Silversquare Europe	https://www.openstreetmap.org/node/2656943066	--	The next EU-FOSSA 2 Hackathon, on 4/5th May, has broadened its scope. It will still have a large focus on Apache Tomcat, but will now also include other communities under the Apache Software Foundation (ASF). Aditionally, the Hackathon will be offering training sessions on some of the latest ASF projects.	open	https://www.openstreetmap.org/node/2656943066	Hackathon,Public Administration		0	--	50	--			
--	20190504	20190504	Libertybits	Libertybits	--	--	https://libertybits.org/	Sofia	BG	Sofia Tech Park's Forum	https://www.openstreetmap.org/way/334366114	https://libertybits.org/code-of-conduct/	<p>The concentration of great power into very small number of players (a.k.a. centralization) puts them in a dominant position and leads to misuse of the acquired power. This includes governmental, political, economical and corporate power.</p><p>The goal of LibertyBits Conference is to stress out this critical ethical issue, focusing on 4 major topics (blockchain, privacy, free software and independent living) in order to reveal as much opportunities as possible about how we could avoid (or even escape) our dependency from the monopolies of power and how we can achieve more sustainable and peaceful life through decentralization.</p>	--	--	--	--	--	--	--	--			
yes	20200507	20200509	DrupalCamp Spain	DrupalCamp Spain 2020	--	--	https://2020.drupalcamp.es/	Malaga	ES	El Polo Digital	https://www.openstreetmap.org/relation/1426741	--	--	--	--	Conference,Project	Drupal	--	yes	300	ES	http://twitter.com/drupalcampspain		
--	20190511	20190511	T-Dose	T-Dose	--	--	http://www.t-dose.org/	Eindhoven	NL	Fontys University of Applied Science	https://www.openstreetmap.org/way/150553268	--	T-DOSE is a free and yearly event held in The Netherlands to promote use and development of Open Source Software. During this event, Open Source projects, developers and visitors can exchange ideas and knowledge. This year's event will be held at the Fontys University of Applied Science in Eindhoven on 11 May 2019.	20190401	http://www.t-dose.org/2019/cfp	--	--	--	--	--	--			
--	20190511	20190511	LibreItaliaConf	LibreItaliaConf 2019	--	--	https://www.libreitalia.org/sesta-conferenza-italiana-libreitalia-2019/	Palermo	IT	Sala cinematografica «Vittorio De Seta»	https://www.openstreetmap.org/?mlat=38.1186680495739&mlon=13.337590098381042#map=18/38.11867/13.33759	--	--	--	--	--	--	0	--	--	--			
--	20190517	20190519	Wikimedia Hackathon	Wikimedia Hackathon 2019	--	--	https://www.mediawiki.org/wiki/Wikimedia_Hackathon_2019	Prague	CZ	National Library of Technology	https://www.openstreetmap.org/?mlat=50.103939&mlon=14.390622&zoom=15#map=15/50.1039/14.3906	https://www.mediawiki.org/wiki/Wikimedia_Hackathon_2019#Friendly_Space_Policy_and_Code_of_Conduct	The Wikimedia Hackathon is a major event that brings together developers from all around the world to improve the technological infrastructure of Wikipedia and other Wikimedia projects, particularly the MediaWiki platform on which they are based, and other Wikimedia code development.	--	--	--	--	--	--	--	--			
--	20190518	20190518	Linux Presentation Day 2019.1	Linux Presentation Day 2019.1	--	--	http://linux-presentation-day.org/	--	--	--	--	--	<p>At the end of 2014 the Berlin Linux User Group (BeLUG) developed a concept for a joint Linux event which aims at interested people who do not know Linux yet and especially at the (non-IT) media. This event can be organized with very little effort i.e. by small groups (and very different organisations like LUGs and schools) without budget, too. The first event of this kind was in Berlin in May 2015 at eight locations (each run by another organization).</p><p>The second Linux Presentation Day (LPD 2015.2) was in November 2015 but this time not limited to Berlin but in 72 cities in Germany, Austria and Switzerland (more than 1,500 visitors). The LPD 2016.1 was in April 2016 in more than 110 cities in 10 countries.</p><p>We are now looking for people in further countries who organize an LPD event, gain experience with this kind of event, get familiar with the whole idea and (at best) organize a nationwide participation later. But currently most countries do not have a central organiser.</p>	--	--	--	--	--	--	--	--			
--	20190518	20190519	OSCAL	Open Source Conference Albania	--	--	https://oscal.openlabs.cc/	Tirana	SQ	Oficina	https://www.openstreetmap.org/way/449516501	https://oscal.openlabs.cc/coc/	<p>OSCAL (Open Source Conference Albania) is the first annual conference in Albania organized to promote software freedom, open source software, free culture and open knowledge, a global movement that originally started more than 30 years ago.</p><p>The Conference will take place at 18 & 19 May 2019 in Tirana and will gather free libre open source technology users, developers, academics, governmental agencies and people who share the idea that software should be free and open for the local community and governments to develop and customize to its needs	20190401	https://oscal.openlabs.cc/call-for-proposals/	--	--	--	--	--	--			
--	20190518	20190519	Linuxwochen Linz	Linuxwochen Linz 2019	--	--	https://www.linuxwochen-linz.at/2019/home/	Linz	AT	Hackerspace /dev/lol	https://www.openstreetmap.org/?mlat=48.30578371882439&mlon=14.283830523490906#map=18/48.30578/14.28383	--	Auch 2019 laden die Linuxwochen Linz wieder alle Technikinteressierte und Freunde der Open Source/Open Hardware/Open Data Welt ein. Ein Teil der Vorträge werden in Form eines Barcamp organisiert. Teilnahme am Barcamp ist bis unmittelbar auf der Veranstaltung möglich.	20190704	https://www.linuxwochen-linz.at/2019/home/	--	--	--	--	--	--			
--	20190520	20190523	KubeCon + CloudNativeCon Europe	KubeCon + CloudNativeCon Europe	--	--	https://events.linuxfoundation.org/events/kubecon-cloudnativecon-europe-2019/	Barcelona	ES	Fira Gran Via	https://www.openstreetmap.org/way/189838216	https://events19.linuxfoundation.org/events/kubecon-cloudnativecon-europe-2019/attend/code-of-conduct/	--	--	--	--	--	--	--	--	--			
--	20190523	20190526	Rencontres de la Monnaie Libre	Rencontres de la Monnaie Libre	RML13	RML13	http://rml13.creationmonetaire.info/	Perpignan	FR	Coeur de Ğ1	https://www.openstreetmap.org/?mlat=42.69588&mlon=2.88461#map=19/42.69588/2.88461	--	<p>Ces RML13 sont tout particulièrement dédiées au fondement même des Rencontres de la Monnaie Libre, c'est à dire la rencontre des informaticiens développeurs / testeurs, du coeur de fonctionnement de la Ğ1 : Duniter</p><p>Les rencontres des informaticiens sont donc dédiées aux discussions et présentations concernant les protocoles et le coeur de Duniter afin de progresser dans l'organisation et l'avancement du développement du code de Duniter et de ses variantes en cours de développement telles que DURS (Duniter en RUST) ou Juniter (Duniter en Java)</p><p>Y sont tout spécialement conviés les développeurs du coeur en priorité, mais aussi les développeurs des clients, et tout particulièrement Silkaj (client en ligne de commande) qui sera prioritaire (pour rester aussi proche du coeur que possible), Cesium et Sakia, puisqu'ils utilisent ces protocoles et sont donc aussi en mesure d'en détailler les contenus</p>	--	--	--	--	--	--	--	--			
yes	20200424	20200425	Opensouthcode	Opensouthcode 2020	--	--	https://www.opensouthcode.org/	Malaga	ES	El Polo Digital	https://www.openstreetmap.org/relation/1426741	https://www.opensouthcode.org/conferences/opensouthcode2020#conduct	<p>Opensouthcode es un evento para promocionar y dar a conocer las tecnologías abiertas: software/hardware libre y opensource. El evento es gratuito.</p><p>Opensouthcode is an event to promote open technologies: free software/hardware and opensource. The event is free (as in beer 	--	--	Conference,Community	--	0	--	--	ES			
--	20190524	20190526	openSUSE Conference	openSUSE Conference 2019	--	--	https://events.opensuse.org/conference/oSC19	Nürnberg	DE	Z-Bau	https://www.openstreetmap.org/node/4798465687	--	The openSUSE Conference begins Friday, May 24, at 10 a.m. and will finish on Sunday, May 26. The openSUSE Conference is the annual openSUSE community event that brings people from around the world together to meet and collaborate. The organized talks, workshops, and BoF sessions provide a framework around more casual meet ups and hack sessions. A party here and there provides the time to relax and have fun, making connections on a more personal level.	--	--	--	--	--	--	--	--			
--	20190525	20190526	MiniDebConf Marseille	MiniDebConf Marseille	--	--	https://wiki.debian.org/DebianEvents/fr/2019/Marseille	Marseille	FR	La Maison du Chant	https://www.openstreetmap.org/way/68980947	https://wiki.debian.org/DebianEvents/fr/2019/Marseille#Code_of_Conduct	<p>Mini-DebConf Marseille will take place on May 25th/26th 2019.</p><p>More information on http://minidebconf-mrs.debian.net/.</p>	--	--	--	--	--	--	--	--			
--	20190529	20190502	Libre Graphics Meeting	Libre Graphics Meeting	--	--	http://libregraphicsmeeting.org/2019/	Saarbrücken	DE	Hochschule der Bildenden Künste Saar 	https://www.openstreetmap.org/way/67491138	https://libregraphicsmeeting.org/2019/code-of-conduct/	The Libre Graphics Meeting (LGM) is an annual international convention for the discussion of free and open source software used with graphics. The first Libre Graphics Meeting was held in March 2006.	20190123	https://libregraphicsmeeting.org/2019/call-for-participation/	--	--	--	--	--	--			
--	20190530	20190530	OpenTechSummit	OpenTechSummit	--	--	https://opentechsummit.net/	Berlin	DE	Motionlab	https://www.openstreetmap.org/node/4764927721	https://www.openstreetmap.org/node/4764927721	--	--	--	--	--	--	--	--	--			
--	20190530	20190602	Gulaschprogrammiernacht	Gulaschprogrammiernacht	--	GPN19	https://entropia.de/GPN19	Karlsruhe	DE	Staatliche Hochschule für Gestaltung	https://www.openstreetmap.org/way/23855655#map=15/49.0023/8.4000&layers=T	--	Gulaschprogrammiernacht klingt fast wie ein Kochmarathon für schlaflose Informatikstudenten. Was 2002 in einem Karlsruher Kellerraum mit ein paar Technikbegeisterten angefangen hat, ist inzwischen zu einer der größten Veranstaltungen des Chaos Computer Clubs gewachsen. Die Themen sind breit gefächert: Den Kern bilden Hard- und Softwareentwicklung, sowie Datensicherheit. Daneben kommen aber auch Datenschutz, Netzpolitik und viele andere faszinierende Themen zum Zug: Wie kocht man das perfekte Gulasch? Kann man aus Hardwareschrott noch schönen Schmuck basteln? Wie funktioniert eigentlich eine Nähmaschine? Wie fliegt man Raumschiffe? 	--	--	--	--	--	--	--	--			
--	20190530	20190602	Toulouse Hacker Space Factory	Toulouse Hacker Space Factory	--	--	https://www.thsf.net/	Toulouse	FR	Mix'Art Myrys	https://www.openstreetmap.org/way/48416748	--	<p>ge en 2019 dans une Néo-Tokyo post-apocalyptique et futuriste. Mégapole aliénante, politiciens corrompus, révoltes sociales, expérimentations militaires, pouvoirs psychiques et mutations techno-organiques… Katsuhiro Otomo pose les bases du cyberpunk japonais et questionne avec acuité les modes d’organisation sociale, le rapport de l’homme à la technologie et sa place dans l’environnement.</p><p>La 10ème édition de la Toulouse HackerSpace Factory (THSF) se construit en hommage et écho à cette oeuvre majeure tant sur le plan graphique que scénaristique avec un récit profondément politique et social. Malheureusement la 2019 d’Otomo se rapproche par bien des aspects de notre 2019 actuelle, et les questions qu'il soulevait au début des années 80 restent toujours prégnantes. Notamment les inégalites et l'injustice sociale, le rapport à la science et aux technologies, aux contrôles des personnes et des masses, et à l’environnement. Autant de questions que, depuis 10 ans, la THSF entend partager avec des artistes, des hackers, des chercheurs, des militants associatifs et tous les publics.</p>	20190315	https://www.thsf.net/	--	--	--	--	--	--			
--	20190531	20190602	Hackmeeting 0x16	Hackmeeting 0x16	--	--	https://hackmeeting.org/hackit19/	Florence	FR	nEXT Emerson	https://www.openstreetmap.org/#map=19/43.82102/11.22241	--	<p>Hackmeeting is the yearly Italian digital counter-cultures meeting	open	https://hackmeeting.org/hackit19/schedule.en.html	--	--	--	--	--	--			
--	20190531	20190502	Wireless Community Weekend	Freifunk Wireless Community Weekend 2019	--	--	https://wiki.freifunk.net/Wireless_Community_Weekend_2019	Berlin	DE	C-base	http://www.openstreetmap.org/?box=yes&bbox=13.42013%2C52.51297%2C13.42013%2C52.51297	--	The WirelessCommunityWeekend will follow the 15 years of tradition also in 2019 and take place in the c-base space station in Berlin. From the 31th of May to the 2nd of June the Freifunk community will meet with their guests to create an unconference and hackathon	--	--	--	--	--	--	--	--			
--	20190604	20190606	deRSE19	deRSE19	--	--	https://www.de-rse.org/de/conf2019/index.html	Potsdam	DE	Wissenschaftspark Albert Einstein	https://www.openstreetmap.org/#map=17/52.38132/13.06396	https://www.de-rse.org/de/conf2019/index.html	Erste Konferenz für ForschungssoftwareentwicklerInnen in Deutschland	--	--	--	--	--	--	--	--			
--	20190608	20190609	TuxCon	TuxCon	--	TuxCon	http://tuxcon.mobi/	Plovdiv	BG	--	--	--	TuxCon is an annual event about free and open source software and hardware. The entrance is free for all visitors. TuxCon is a community event and it is organized by volunteers. The twitter hashtag of the event is #TuxCon.	--	--	--	--	--	--	--	--			
--	20190605	20190609	MiniDebConf in Hamburg	MiniDebCamp and MiniDebConf in Hamburg	--	--	https://wiki.debian.org/DebianEvents/de/2019/MiniDebConfHamburg	Hamburg	DE	--	--	--	--	--	--	--	--	--	--	--	--			
yes	20200606	20200607	DrupalCamp Kyiv	DrupalCamp Kyiv 2020	--	--	https://drupalcampkyiv.org/en	Kiev	UA	Mercure Kyiv Congress Hal	https://www.openstreetmap.org/#map=18/50.45002/30.44298	--	We are gathering as much drupalists as we can in Ukraine and from neighbour countries to have fun and learn something new.	--	--	Conference,Project	Drupal	50-100	yes	400	EN			
--	20190611	20190611	Sharing & Reuse Conference	Sharing & Reuse Conference	--	--	https://joinup.ec.europa.eu/collection/sharing-and-reuse-it-solutions/sharing-reuse-conference-2019	Bucharest	RO	--	--	--	--	--	--	--	--	--	--	--	--			
--	20190612	20190612	UK Open Source Awards	UK Open Source Awards	--	--	https://opensourceawards.org/	Edinburgh	UK	--	--	--	--	--	--	--	--	--	--	--	--			
--	20190612	20190613	OW2Con	OW2Con	--	--	https://www.ow2con.org/view/2019	Paris	France	--	--	--	--	--	--	--	--	--	--	--	--			
--	20190615	20190616	Jornadas de tecnología y cultura libre	Jornadas de tecnología y cultura libre	--	--	https://jornadaslibr.es/	Madrid	ES	--	--	--	--	--	--	--	--	--	--	--	--			
yes	20200618	20200621	DrupalCamping	DrupalCamping am Allersee	--	--	https://groups.drupal.org/node/535334	Wolfsburg	DE	Allersee	https://www.openstreetmap.org/way/131652496	--	--	--	--	Conference,Camping	Drupal	--	yes	--	DE	https://twitter.com/drupalcamping	https://www.facebook.com/DrupalCamping	
--	20190620	20190620	Open Expo	OpenExpo Europe	OpenExpo	OpenExpo19	https://openexpoeurope.com/	Madrid	ES	La N@ve	https://www.openstreetmap.org/way/37995038	--	--	--	--	--	--	--	--	--	--			
--	20190621	20190621	esLibre	esLibre	--	--	https://eslib.re/2019/	Granada	ES	--	--	--	--	--	--	--	--	--	--	--	--			
--	20190620	20190622	WordCamp Europe	WordCamp Europe	--	--	https://2019.europe.wordcamp.org/	Berlin	DE	--	--	--	--	--	--	--	--	--	--	--	--			
--	20190627	20190630	Pas sage en seine	Pas sage en seine	--	--	https://passageenseine.fr/	Choisy-le-Roi	FR	--	--	--	--	--	--	--	--	--	--	--	--			
--	20190701	20190703	Pass the SALT	Pass the SALT	--	--	https://2019.pass-the-salt.org/	Lille	FR	Polytech Lille	https://www.openstreetmap.org/way/79509053	https://2019.pass-the-salt.org/code-of-conduct/	--	--	--	--	--	--	--	--	--			
--	20190706	20190706	Tübix	Tübix	--	--	http://tuebix.org	Tübingen	DE	Gebäude auf dem Sand	https://www.openstreetmap.org/way/8044916#map=17/48.53476/9.07111	--	--	--	--	--	--	--	--	--	--			
--	20190725	20190728	Camp++	Camp++	--	--	https://camp.hsbp.org/2019/pp7e3/	Komárom	HU	Fort Monostor	https://www.openstreetmap.org/?mlat=47.750556&mlon=18.093889&zoom=15#map=15/47.7506/18.0939	--	--	--	--	--	--	--	--	--	--			
yes	20200729	20200802	Italian Hacker Camp	Italian Hacker Camp 2020	IHC	IHC2020	https://ihc.camp	Padua	IT	FENICE Green Energy Park	https://www.openstreetmap.org/way/37959510	--	--	--	--	Conference,Community,Camping	Self-Organized,bi-yearly,	--	yes	650	EN	https://twitter.com/ihc_camp		
--	20190801	20190804	Technik Camp	Technik Camp	--	--	https://freifunk-bodensee.net/camp/	Überlingen	DE	Campus der Waldorfschule Überlingen	https://ffbsee.net/map/	--	--			Conference,Community,Camping,Festival	CCC	--	--	--	--			
--	20190808	20190815	BornHack	Bornhack	--	--	https://bornhack.dk/bornhack-2019/	--	--	--	--	--	--	20190601	https://bornhack.dk/bornhack-2019/program/call-for-participation/	--	--	--	--	--	--			
--	20190808	20190811	Flock	Flock	--	--	https://flocktofedora.org/	--	--	--	--	--	--			Conference,Project	Fedora	--	--	--	--			
--	20190810	20190811	FrOSCon	Froscon	--	--	https://www.froscon.de/en/	--	--	--	--	--	--	--	--	--	--	--	--	--	--			
--	20190812	20190818	Linux Bierwanderung	Linux Bierwanderung	--	--	https://linuxbierwanderung.com/	South Shropshire	UK	--	--	--	--	--	--	--	--	--	--	--	--			
--	20190814	20190818	Wikimania	Wikimania	--	--	https://wikimania2019.wikimedia.org/	Stockholm	SE	--	--	--	--	--	--	--	--	--	--	--	--			
--	20190820	20190822	OpenSym	OpenSym	--	--	http://opensym.org/os2019/	Skövde	SE	--	--	--	--	--	--	--	--	--	--	--	--			
--	20190822	20190825	LVEE	Linux Vacation / Eastern Europe	LVEE	--	https://lvee.org/en/	Minsk	BY	--	--	--	--	20190804	https://lvee.org/en/reports/abstract	--	--	--	--	--	--			
--	20190821	20190825	Chaos Communication Camp	Chaos Communication Camp	CCCamp	camp19	https://events.ccc.de/camp/2019/wiki/Main_Page	Mildenberg	DE	Ziegeleimuseum Mildenberg	https://www.openstreetmap.org/#map=15/53.0306/13.3067	--	--	20190611	https://events.ccc.de/2019/05/22/call-for-participation-chaos-communication-camp-2019/	Conference,Community,Camp,Festival	CCC	295	yes	5000	--			
--	20190823	20190828	GUADEC	GNOME Users And Developers European Conference	GUADEC	guadec	https://2019.guadec.org/	Thessaloniki	GR	University of Macedonia	https://www.openstreetmap.org/way/14791176	https://2019.guadec.org/pages/code-of-conduct.html	--	20190519	https://www.gnome.org/news/2019/04/guadec-2019-call-for-papers/	Conference,Community,Unconference	Gnome	0	--	--	--			
--	20190830	20190808	Wuthering Bytes	Wuthering Bytes	--	--	https://wutheringbytes.com/	Hebden Bridge	UK	--	--	--	--	--	--	--	--	--	--	--	--			
--	20190904	20190906	GNU Hackers Meeting	GNU Hackers Meeting	--	--	https://www.gnu.org/ghm/2019/	Madrid	ES	--	--	--	--	--	--	--	--	--	--	--	--			
--	20190907	20190908	ActivityPub Conference	ActivityPub Conference	--	--	https://dustycloud.org/blog/activitypub-conf-2019/	Prague	CZ	--	--	--	--	--	--	--	--	--	--	--	--			
--	20190907	20190913	Akademy	Akademy	--	--	https://akademy.kde.org/	Milan	IT	--	--	--	--	--	--	--	--	--	--	--	--			
--	20190909	20190911	Linux Plumbers Conference	Linux Plumbers Conference	--	--	https://www.linuxplumbersconf.org/	Lisbon	PT	--	--	--	--	--	--	--	--	--	--	--	--			
--	20190910	20190913	LibreOffice Conference	LibreOffice Conference	--	--	https://conference.libreoffice.org/2019/	Almería	ES	--	--	--	--	--	--	--	--	--	--	--	--			
--	20190911	20190912	Cloud Foundry Summit Europe	Cloud Foundry Summit Europe	--	--	https://www.cloudfoundry.org/event/eusummit2019/	The Hague	NL	--	--	--	--	--	--	--	--	--	--	--	--			
--	20190912	20190912	Kernel Maintainer Summit	Kernel Maintainer Summit	--	--	https://events.linuxfoundation.org/events/linux-kernel-maintainer-summit-2019/	Lisbon	PT	--	--	--	--	--	--	--	--	--	--	--	--			
--	20190913	20190915	BalCCon2k19	BalCCon2k19	--	--	https://2k19.balccon.org/index.php?title=BalCCon2k19_CfP	Novi Sad	RS	--	--	--	--	--	--	--	--	--	--	--	--			
--	20190914	20190914	Open Source and GNU/Linux	Open Source and GNU/Linux	--	--	https://osdn.org.ua/	Kiev	UA	--	--	--	--	--	--	--	--	--	--	--	--			
--	20190914	20190914	Tech201909Party	Tech201909Party	--	--	http://techparty.online/	Madrid	ES	--	--	--	--	--	--	--	--	--	--	--	--			
--	20190914	20190915	Nextcloud conference	Nextcloud conference	--	--	https://nextcloud.com/conf/	Berlin	DE	--	--	--	--	--	--	--	--	--	--	--	--			
--	20190917	20190917	Bitkom Forum Open Source	Bitkom Forum Open Source	--	--	https://www.bitkom.org/bfoss19	Erfurt	DE	--	--	--	--	--	--	--	--	--	--	--	--			
--	20190917	20190920	Owncloud Conference	Owncloud Conference	--	--	https://conference.owncloud.org/	Nuremberg	DE	--	--	--	--	--	--	--	--	--	--	--	--			
--	20190918	20190922	End Summer Camp	End Summer Camp	--	--	https://www.endsummercamp.org/	Venezia Tessera	Italy	--	--	--	--	--	--	--	--	--	--	--	--			
--	20190920	20190921	Kieler Linuxtage	Kieler Linuxtage	--	--	https://www.kieler-linuxtage.de/	Kiel	DE	--	--	--	--	--	--	--	--	--	--	--	--			
--	20190920	20190922	Datenspuren	Datenspuren	--	--	https://wiki.c3d2.de/Datenspuren_2019	Dresden	DE	--	--	--	--	--	--	--	--	--	--	--	--			
--	20190920	20190922	Hackmeeting	Hackmeeting	--	--	https://es.hackmeeting.org/hm/index.php?title=Hackmeeting2019	Errekaleor-Gasteiz	ES	--	--	--	--	--	--	--	--	--	--	--	--			
--	20190920	20190922	FixFest_Reparatur-Festival	FixFest_Reparatur-Festival	--	--	https://reparatur-festival.runder-tisch-reparatur.de/	Berlin	DE	--	--	--	--	--	--	--	--	--	--	--	--			
--	20190921	20190921	Software Freedom Day around the globe	Software Freedom Day around the globe	--	--	http://www.softwarefreedomday.org/	--	--	--	--	--	--	--	--	--	--	--	--	--	--			
--	20190921	20190923	State of the Map	State of the Map	--	--	https://2019.stateofthemap.org/	Heidelberg	DE	--	--	--	--	--	--	--	--	--	--	--	--			
--	20190923	20190925	Open Networking Summit	Open Networking Summit	ONS	--	https://events.linuxfoundation.org/events/open-networking-summit-europe-2019/	Antwerp	BE	--	--	--	--	--	--	--	--	--	--	--	--			
--	20190923	20190926	INFORMATIK2019	INFORMATIK2019	--	--	https://gi.de/veranstaltung/informatik-2019-jahrestagung-der-gesellschaft-fuer-informatik/	Kassel	DE	--	--	--	--	--	--	--	--	--	--	--	--			
--	20190926	20190929	Digitalfestival	Digitalfestival	--	--	http://www.digitalfestival.ch/	Zurich	CH	--	--	--	--	--	--	--	--	--	--	--	--			
--	20190927	20190927	educode	educode	--	--	https://educode.be/	Brussels	BE	--	--	--	--	--	--	--	--	--	--	--	--			
--	20190930	20190902	Percona Live	Percona Live	--	--	https://www.percona.com/live/19/	Amsterdam	NL	--	--	--	--	--	--	--	--	--	--	--	--			
--	20190930	20190902	Open-Access-Tage	Open-Access-Tage	--	--	https://open-access.net/community/open-access-tage/open-access-tage-2019	Hannover	DE	--	--	--	--	--	--	--	--	--	--	--	--			
--	20191004	20191004	OpenSource Lisbon	OpenSource Lisbon	--	--	https://opensourcelisbon.com/	Lisbon	PT	--	--	--	--	--	--	--	--	--	--	--	--			
--	20191004	20191006	Hackers Congress	Hackers Congress	--	--	https://opt-out.hcpp.cz/	Prague	CZ	--	--	--	--	--	--	--	--	--	--	--	--			
--	20191004	20191006	PyConES (Python conference)	PyConES (Python conference)	--	--	http://2019.es.pycon.org/	Alicante	ES	--	--	--	--	--	--	--	--	--	--	--	--			
--	20191004	20191006	suckless conference	suckless conference	--	--	https://suckless.org/conferences/2019/	Bad Liebenzell	DE	--	--	--	--	--	--	--	--	--	--	--	--			
--	20191005	20191006	LinuxDays	LinuxDays	--	--	https://www.linuxdays.cz/2019/en/	Prague	CZ	--	--	--	--	--	--	--	--	--	--	--	--			
--	20191010	20191013	Ubucon Europe	Ubucon Europe	--	--	http://ubucon.org/en/events/ubucon-europe/	Sintra	PT	--	--	--	--	--	--	--	--	--	--	--	--			
--	20191011	20191013	FOSSCOM	FOSSCOM	--	--	https://2019.fosscomm.gr/	Lamia	GR	--	--	--	--	--	--	--	--	--	--	--	--			
--	20191012	20191012	Hacktoberfest Poznań Meetup	Hacktoberfest Poznań Meetup	--	--	https://hacktoberfest.pl/	Poznań	PL	--	--	--	--	--	--	--	--	--	--	--	--			
--	20191017	20191018	TYPO3 Conference	TYPO3 Conference	--	--	https://t3con19.typo3.com/	The Hague	NL	--	--	--	--	--	--	--	--	--	--	--	--			
--	20191018	20191018	DINAcon	DINAcon	--	--	https://dinacon.ch/	Bern	CH	--	--	--	--	--	--	--	--	--	--	--	--			
--	20191019	20191019	GNU/LinuxDay – Vorarlberg	GNU/LinuxDay – Vorarlberg	--	--	https://www.linuxday.at/	Dornbirn	AU	--	--	--	--	--	--	--	--	--	--	--	--			
--	20191019	20191020	OggCamp (Free Culture/FLOSS Unconference)	OggCamp (Free Culture/FLOSS Unconference)	--	--	http://oggcamp.org/	Sheffield	UK	--	--	--	--	--	--	--	--	--	--	--	--			
--	20191022	20191024	ApacheCon Europe	ApacheCon Europe	--	--	https://aceu19.apachecon.com/	Berlin	DE	--	--	--	--	--	--	--	--	--	--	--	--			
--	20191025	20191026	WikidataCon	WikidataCon	--	--	https://www.wikidata.org/wiki/Wikidata:WikidataCon_2019	Berlin	DE	--	--	--	--	--	--	--	--	--	--	--	--			
--	20191025	20191027	NixCon	NixCon 2019	--	--	https://2019.nixcon.org/	Brno	CZ	--	--	--	--	--	--	--	--	--	--	--	--			
--	20191025	20191027	MiniDebConf in Vaumarcus	MiniDebConf in Vaumarcus	--	--	https://wiki.debian.org/DebianEvents/ch/2019/Vaumarcus	Vaumarcus	CH	--	--	--	--	--	--	--	--	--	--	--	--			
--	20191026	20191026	PSSOH Conference	PSSOH Conference	--	--	http://pssoh.etf.bg.ac.rs/	Belgrade	RS	--	--	--	--	--	--	--	--	--	--	--	--			
--	20191026	20191026	Linux Day across Italy	Linux Day across Italy	--	--	http://www.linuxday.it/	--	--	--	--	--	--	--	--	--	--	--	--	--	--			
--	20191026	20191027	Sonoj Convention	Sonoj Convention	--	--	https://www.sonoj.org/	Cologne	DE	--	--	--	--	--	--	--	--	--	--	--	--			
--	20191028	20191030	Open Source Summit + Embedded Linux Conference Europe	Open Source Summit + Embedded Linux Conference Europe	--	--	https://www.linuxfoundation.org/press-release/2019/01/the-linux-foundation-announces-2019-events-schedule/	Lyon	FR	--	--	--	--	--	--	--	--	--	--	--	--			
--	20191102	20191102	EmacsConf	EmacsConf	--	--	https://emacsconf.org/2019/	Online	--	--	--	--	--	--	--	--	--	--	--	--	--			
--	20191102	20191103	OpenFest	OpenFest	--	--	https://www.openfest.org/	Sofia	BG	--	--	--	--	--	--	--	--	--	--	--	--			
--	20191107	20191108	Promcon	Promcon	--	--	https://promcon.io/2019-munich/	Munich	DE	--	--	--	--	--	--	--	--	--	--	--	--			
--	20191109	20191109	OSHWDem	OSHWDem	--	--	https://oshwdem.org/	A Coruña	ES	--	--	--	--	--	--	--	--	--	--	--	--			
--	20191112	20191115	Linux App Summit	Linux App Summit	--	--	https://linuxappsummit.org/	Barcelona	ES	--	--	--	--	--	--	--	--	--	--	--	--			
--	20191115	20191115	SFScon	SFScon	--	--	https://www.sfscon.it/	Bozen	IT	--	--	--	--	--	--	--	--	--	--	--	--			
--	20191116	20191116	Linux Presentation Day 2019.2	Linux Presentation Day 2019.2	--	--	http://linux-presentation-day.org/	--	--	--	--	--	--	--	--	--	--	--	--	--	--			
--	20191116	20191117	Capitole du libre	Capitole du libre	--	--	https://2019.capitoledulibre.org/	Toulouse	FR	--	--	--	--	--	--	--	--	--	--	--	--			
--	20191121	20191123	Piksel	Piksel	--	--	http://piksel.no/	Bergen	NO	--	--	--	--	--	--	--	--	--	--	--	--			
--	20191122	20191124	FIfFKon	FIfFKon	--	--	https://2019.fiffkon.de/	Bremen	DE	--	--	--	--	--	--	--	--	--	--	--	--			
--	20191206	20191206	NorthernRST	--	--	--	https://northernrst.com/	Aberdeen	UK	--	--	--	--	--	--	--	--	--	--	--	--			
--	20191213	20191215	GNU Health Con	GNU Health Con	--	--	http://www.gnuhealthcon.org/2019-liege/	Liège	BE	--	--	--	--	--	--	--	--	--	--	--	--			
--	20191227	20191230	36th Chaos Communication Conference	36th Chaos Communication Conference	--	ccc,36c3	https://events.ccc.de/congress/2019/wiki/index.php	Leipzig	DE	--	--	--	--	--	--	--	--	--	--	--	--			
--	20191210	20191211	Paris Open Source Summit	Paris Open Source Summit	POSS	--	https://www.opensourcesummit.paris/	Paris	FR	--	--	--	--	--	--	--	--	--	--	--	--			
