approved	datestart	dateend	label	name	shortname	hashtag	homepage	city	country	venue	OSM-Link	lat	lon	default_zoom	coclink	Self-description	cfpdate	cfplink	type	tags	EntranceFee	Registration	ParticipantsLastTime	Main language	Main Organiser	Logo	Edition’s Topic	Specialities	Stream	Twitter	Mastodong	Github
yes	20200110	20200112	GNU Hackers Meeting Mont Soleil	GNU Hackers Meeting 2020	GHM	ghm	https://www.gnu.org/ghm/2020/	St. Imier	CH	Coopérative Décentrale	https://www.openstreetmap.org/way/401191853	47.15893	6.99146	8	nococ	For the first time, the GHM comes to Switzerland. Specifically, we will meet at the Decentrale on Mont Soleil, near St. Imier. The location is high up in the Jura mountains, and as the meeting will be in January, warm clothing is strongly advised. 	open	https://www.gnu.org/ghm/2020/#scallfortalks	Hackmeeting	GNU	~40 € / day	https://www.gnu.org/ghm/2020/#attending	?	EN	GNU Hackers	no		This event includes accommodation and overnight-stays as well as a kitchen that will be used for collective cooking and baking.	no	no	no	
yes	20200113	20200116	LFN Developer & Testing Forum	LFN Developer & Testing Forum			https://events19.linuxfoundation.org/events/lf-networking-ddf-plugfest-2020/	Prague	CZ	Prague Congress Center	https://www.openstreetmap.org/way/8102317	50.06209	14.42853		https://events19.linuxfoundation.org/code-of-conduct/	Co-hosted with GSMA, this LFN Developer & Testing Forum brings together developers across ONAP, CNTT, and OPNFV, with a special focus on VNF compliance and verification testing. As the principal event for LFN open source projects, the technical gathering provides a platform for community members to collaborate, plan future releases, conduct a plugfest, and perform interoperability, compliance, and integration testing across the full network stack, including NFVI, MANO, and VNFs.			Business Conference	Linux	Zero	https://events19.linuxfoundation.org/events/lf-networking-ddf-plugfest-2020/register/	?	EN	Linux Foundation	no						
yes	20200123	20200123	Connected Smart Cities Conference	Connected Smart Cities Conference	CSCC	CSCC20	https://oasc.events.idloom.com/connected-smart-cities-conference-2020	Brussels	BE	The EGG	https://www.openstreetmap.org/way/524776763	50.83318	4.32705		nococ	The Connected Smart Cities Conference 2020 (CSCC) is the annual community event organised by Open & Agile Smart Cities. CSCC brings together city representatives, companies, research, and policy-makers to discuss the state of smart cities & communities and how to make smart cities open, interoperable and more sustainable.	nada	nada	Policy Conference,Exhibition	Policy,Sustainability,Smart City	249 €	https://oasc.events.idloom.com/connected-smart-cities-conference-2020/register	?	EN	Open & Agile Smart Cities	/data/eventlogos/2020/2020-cscc.png	Scale with us	Representatives of European institutions, such as the European Commission, the European Parliament, or the European Council, and international institutions, such as the United Nations, receive free access to the Connected Smart Cities & Communities Conference on 23 January 2020. For more information, please contact cscc@oascities.org.	?	no	no	
yes	20200124	20200126	DevConf.cz	DevConf.cz		devconf_cz	https://www.devconf.info/cz/	Brno	CZ	Faculty of Information Technology	https://www.openstreetmap.org/#map=17/49.22693/16.59662	49.22693	16.59662		https://www.devconf.info/coc	DevConf.CZ 2020 is the 12th annual, free, Red Hat sponsored community conference for developers, admins, DevOps engineers, testers, documentation writers and other contributors to open source technologies. The conference includes topics on Linux, Middleware, Virtualization, Storage, Cloud and mobile. At DevConf.CZ, FLOSS communities sync, share, and hack on upstream projects together in the beautiful city of Brno, Czech Republic.	20191106	https://cfp.devconf.info/	Community Conference	Red Hat	Zero	https://www.eventbrite.com/e/devconfcz-2020-tickets-83312671443	?	EN	Red Hat	/data/eventlogos/2020/2020-devconf-logo-cz-reverse.svg			?	https://twitter.com/devconf_cz	no	
yes	20200125	20200202	Byteweek	Byteweek 2020		Byteweek	https://hsbxl.be/events/byteweek/2020/	Brussels	BE	Hackerspace Brussels (BSHXL)	https://www.openstreetmap.org/node/6251253723	50.83232	4.32197		nococ	The week before Fosdem conference, HSBXL compiles ByteWeek. Eight ‘Bitdays’ of hackatons, workshops and talks. We end our week with the notorious Bytenight!	open	https://hsbxl.be/events/byteweek/2020/	Community Conference	Hackerspace, HSBXL	Zero	no	?	EN	Hackerspace Brussels	no			?	https://twitter.com/hsbxl	https://mastodon.social/@hsbxl	
yes	20200130	20200130	Sustain Summit	Sustain Summit 2020	Sustain	sustainoss	https://sustainoss.org/	Brussels	BE	La Tricoterie	https://www.openstreetmap.org/way/225596975	50.83017	4.33658		https://sustainoss.org/code-of-conduct/	<p>A one-day event for open source sustainers</p><p>Sustain Summit events are led by a facilitator. There are no keynotes, talks, or sponsor demos. Your undivided attention is required. Phones and laptops should not be used throughout the day and you will be asked to put devices away if they are a distraction to you or anyone else.</p><p>When we talk about sustainability, we are talking both and equally about the sustainability of resources and the sustainability of its people. We hope you can join us for the conversation.</p>	nada	nada	Unconference	Sustainability	100 €	Invitiation only.	~ 100	EN	Individual Sustainers	/data/eventlogos/2020/2020-sustain-logo.png		Travel support available	no	https://twitter.com/SustainOSS	no	https://github.com/sustainers
yes	20200130	20200131	MiniDebCamp	MiniDebCamp		MiniDebCamp	https://wiki.debian.org/DebianEvents/be/2020/MiniDebCamp	Brussels	BE	Hackerspace Brussels (BSHXL)	https://www.openstreetmap.org/node/6251253723	50.83232	4.32197		http://debconf.org/codeofconduct.shtml	MiniDebCamp is some days of hacking on Debian and related stuff. No orga, no overhead, we just meet somewhere nice and interesting, and hack hack hack. 	nada	nada	Hackmeeting	Debian	Zero	no	?	EN	Debian Hackers	no				no	no	
yes	20200130	20200131	XMPP Summit	24th XMPP Summit			https://wiki.xmpp.org/web/Conferences/Summit_24	Brussels	BE						nococ	The XMPP Standards Foundation (XSF) will hold its 24th XMPP Summit in the two days preceding FOSDEM 2020, January 30th & 31st. To participate in this (or any future summit), please join the summit@xmpp.org discussion list and ask for an account in this Wiki, so you can add yourself (and/or colleagues) to the list in this page.	open	https://wiki.xmpp.org/web/Conferences/Summit_24	Project Conference	XMPP	Zero	no	?	EN	XMPP Hackers	no				no	no	
yes	20200131	20200131	Pre-FOSDEM Community Meeting	European Free Software Pre-FOSDEM Community Meeting 2020			https://registration.fsfe.org/Pre-FOSDEM-2020	Brussels	BE	MundoB	https://www.openstreetmap.org/way/139078492	50.83787	4.36432		https://fsfe.org/about/codeofconduct	The Free Software Foundation Europe will bring together the key Free Software groups of Europe a day before the FOSDEM event, in order to network and get an overview about activities of Free Software groups from all over Europe.			Community Conference	FSFE,europe,Free Software	Zero	https://registration.fsfe.org/Pre-FOSDEM-2020	?	EN	Free Software Foundation Europe	/data/eventlogos/2020/2020-logo-fsfe.png						
yes	20200131	20200131	CHAOSScon Europe	CHAOSScon Europe 2020	CHAOSSCon	CHAOSSCon	https://chaoss.community/chaosscon-2020-eu/	Brussels	BE	Hotel ibis Brussels City Centre	https://www.openstreetmap.org/node/3929554270	50.85057	4.34933		https://github.com/chaoss/governance/blob/master/code-of-conduct.md	Learn about open source project health metrics and tools used by open source projects, communities, and engineering teams to track and analyze their community work. This conference will provide a venue for discussing open source project health, CHAOSS updates, use cases, and hands-on workshops for developers, community managers, project managers, and anyone interested in measuring open source project health. We will also share insights from the CHAOSS working groups on Diversity and Inclusion, Evolution, Risk, Value, and Common Metrics.	20191130	https://forms.gle/BntnBffNHHQwuQDE6	Community Conference	Metrics, Community Management, Analytics	10 $	https://www.eventbrite.com/e/chaosscon-europe-2020-tickets-76515900117	?	EN	Linux Foundation	/data/eventlogos/2020/2020-Chaoss_Logo.png			?	https://twitter.com/CHAOSSproj	no	
yes	20200201	20200202	FOSDEM	Free and Open Source Software Developers European Meeting	FOSDEM	fosdem, fosdem20	https://fosdem.org/2020/	Brussels	BE	Université Libre Bruxelles	https://www.openstreetmap.org/?mlat=50.81295&mlon=4.38002#map=18/50.81295/4.38002	50.8141	4.38165	10	https://fosdem.org/2020/practical/conduct/	<p>FOSDEM is a free event for software developers to meet, share ideas and collaborate.</p> <p>Every year, thousands of developers of free and open source software from all over the world gather at the event in Brussels.</p>	20191108	https://fosdem.org/2020/news/2019-08-13-call-for-participation/	Community Conference	Development,Security	Zero	no	7500	EN				Developer Rooms		https://twitter.com/fosdem	https://fosstodon.org/@fosdem	
yes	20200203	20200203	CopyleftConf	Second Annual International Copyleft Conference	CopyleftConf	CopyleftConf	https://2020.copyleftconf.org/	Brussels	BE	La Tricoterie	https://www.openstreetmap.org/way/225596975	50.8303	4.33676		https://2020.copyleftconf.org/code-of-conduct	This will be the second annual International Copyleft Conference. Participants from throughout the copyleft world — developers, strategists, enforcement organizations, scholars and critics — will be welcomed for an in-depth, high bandwidth, and expert-level discussion about the day-to-day details of using copyleft licensing, obstacles facing copyleft and the future of copyleft as a strategy to advance and defend software freedom for users and developers around the world.	20191103	https://2020.copyleftconf.org/program/call-for-proposals	Community Conference	Copyleft,Licensing	Zero	no	150	EN								
yes	20200203	20200205	Config Management Camp	Configuration Management Camp	CfgMgmtCamp	CfgMgmtCamp	https://cfgmgmtcamp.eu/	Gent	BE	HoGent - Campus SchoonMeersen	https://www.openstreetmap.org/?mlat=51.03425&mlon=3.70149#map=19/51.03425/3.70149	51.03425	3.70149		https://cfgmgmtcamp.eu/ghent2020/codeofconduct/	Configuration Management Camp is the event for technologists interested Open Source Infrastructure automation and related topics. This includes but is not limited to top Open Source Configuration Management, Provisioning, Orchestration, Choreography, Container Operations, and many more topics.	20191103	https://cfp.cfgmgmtcamp.be/2020/cfp	Community Conference	Infrastructure,Configuration Management	Zero	https://registration.cfgmgmtcamp.be/ghent/2020/	?	EN						https://twitter.com/cfgmgmtcamp		
yes	20200206	20200206	LF Energy Open Source Bootcamp	LF Energy Open Source Bootcamp			https://events.linuxfoundation.org/lf-energy-open-source-bootcamp/	Duiven	NL	Alliander Liandon	https://www.openstreetmap.org/node/2848643788	51.9656	5.98694		https://events.linuxfoundation.org/lf-energy-open-source-bootcamp/attend/code-of-conduct/	LF Energy and the Linux Foundation team with Dutch distribution system operator, Alliander, to provide a full day of training that leverages best practices for open source software within the enterprise. Ibrahim Haddad, scholar and practitioner of open source best practices and Executive Director of the LF AI project, will be joined by Jon Aldama, co-founder of FOSSID, along with Executive Director of LF Energy, Shuli Goodman. The event is geared and has been designed for utilities and their suppliers/vendors.			Business Conference	Linux Foundation,LF Energy,Open Source Bootcamp	Zero	https://events.linuxfoundation.org/lf-energy-open-source-bootcamp/register/	?	EN	Linux Foundation	/data/eventlogos/2020/2020-LF_Energy_Bootcamp_logo.svg						
yes	20200214	20200214	I love Free Software Day	I love Free Software Day	IloveFS day	IloveFS	https://ilovefs.org/												Global Day	Love,Hugs,IloveFS												
yes	20200218	20200222	FOSS4G-IT	FOSS4G-IT 2020			https://foss4g-it2020.gfoss.it/	Turin	IT	Politecnico	https://www.openstreetmap.org/?mlat=45.06289&mlon=7.66108#map=18/45.06289/7.66108	45.06289	7.66108			<p>Dal 18 al 22 febbraio 2020 il Politecnico di Torino ospiterà il convegno su Software e Dati Geografici Free e Open Source FOSS4G-it 2020, organizzato congiuntamente da: Politecnico di Torino, Associazione Italiana per l'Informazione Geografica Libera GFOSS.it e Wikimedia Italia</p><p>FOSS4G-it 2020 raccoglie insieme il XXI Meeting degli utenti italiani di GRASS e GFOSS, il XIII GFOSS DAY e OSMit 2020, incontri annuali di diverse comunità utilizzatrici di dati geografici liberi e software free e open source che dal 2017 hanno deciso di unirsi in un unico evento.</p><p>Il successo delle edizioni precedenti (2017 a Genova, 2018 a Roma, 2019 a Padova) ha definitivamente posto FOSS4G-it come uno degli appuntamenti di riferimento a livello nazionale per utilizzatori e sviluppatori di software geografico libero e per produttori e fruitori di dati geografici liberi, senza tralasciare le occasioni di scambio tra le persone appartenenti a tutte le comunità che guardano alle soluzioni libere nel campo dell'informazione geografica.</p>			Community Conference	Wikimedia Italia	Zero / 10€ for the workshops	https://foss4g-it2020.gfoss.it/registrazione	?	IT	Gfoss-it							
yes	20200222	20200222	Winterkongress	Winterkongress der Digitalen Gesellschaft	Winterkongress	Winterkongress	https://www.digitale-gesellschaft.ch/kongress/2020/	Zurich	CH	Rote Fabrik	https://www.openstreetmap.org/?mlat=47.343319952487946&mlon=8.536315262317657#map=19/47.34332/8.53632	47.34332	8.53632		nococ	Der Winterkongress ist das jährliche Treffen der Digitalen Gesellschaft: Am Samstag, 22. Februar 2020 kommen zum dritten Mal Hacker, Programmiererinnen, Aktivisten und Interessierte in Zürich zusammen, um sich zu den Themen rund um Informationstechnologie, der Vernetzung und deren Auswirkungen auf unsere Gesellschaft auszutauschen. Zum ersten Mal findet der Winterkongress in der Roten Fabrik statt.	20191201	https://cfp.digitale-gesellschaft.ch/	Community Conference	Informationstechnologie,Vernetzung,Gesellschaft	30 CHF	no	?	DE	Digitale Gesellschaft CH	no	Reclaim Democracy		?			
yes	20200305	20200305	Community Backstage	Community Backstage			https://plainschwarz.com/	Berlin	DE	ExRotaprint	https://www.openstreetmap.org/node/5332953789	52.5503	13.3703		nococ	Community Backstage is a place where you can learn how to successfully build, maintain and design productive communities. Learn from industry experts how to attract the right people to your community, how to build an inclusive communication culture and how to apply proven concepts from the software industry to make your community dynamic and resilient. These and other exciting topics will be highlighted and developed at our Community Backstage event. The fresh insights from our experts will leave you buzzing with ideas to take home to your communities. 	20200106	https://forms.gle/2qAEc5TP6PQLMJ2R6	Business Conference	Community Governance	399 €	https://pretix.eu/plainschwarz/commback/	First Edition	EN	Plain Schwarz	no			?			
yes	20200306	20200306	FOSS Backstage	FOSS Backstage			https://20.foss-backstage.de	Berlin	DE	ExRotaprint	https://www.openstreetmap.org/node/5332953789	52.5503	13.3703		nococ	<p>What makes an open source project flourish? Why do some projects fail to build a sustainable community while others become a cornerstone of the software landscape? We want to encourage more discourse about the non-coding aspects of successful open source projects.</p><p>FOSS Backstage will provide a space to discuss a broad spectrum of issues related to community management, vendor neutrality and leading projects without discretionary power. Conference topics will include open source project leadership best practices, community management, open source project metrics, open source strategy for the enterprise, adopting open source collaboration in corporations, legal matters when dealing with open source and many more.</p>	20200106	https://20.foss-backstage.de/call-papers-0	Business Conference	Community Governance	165 €	https://20.foss-backstage.de/join-foss-backstage	?	EN		/data/eventlogos/2020/2020-logo-FOSSBack2020.png			?	https://twitter.com/fossbckstg	no	
yes	20200306	20200306	Open Belgium	Open Belgium		OpenBelgium20	http://www.openbelgium.be/	Hasselt	BE	Old Prison at the Campus Hassel	https://www.openstreetmap.org/way/158936029	50.93357	5.34238		https://2020.openbelgium.be/code-conduct	Open Belgium is an annual event about open knowledge and open data, gathering industry, research, government and citizen stakeholders. Experience this one-day community driven conference with talks, discussions, panels, workshops and become part of the open community.	20200103	https://docs.google.com/forms/d/e/1FAIpQLSdNiCH3DBcqnH6uySyTiRaMOFT3i1u5v4go4hU9zjciiuSR0Q/viewform	Community Conference	Open Access,Open Knowledge,Open Data,Open Source	~79 €	https://www.eventbrite.co.uk/e/open-belgium-conference-2020-tickets-76868500755?aff=website	?									
yes	20200311	20200314	FOSSGIS-Konferenz	FOSSGIS-Konferenz 2020			https://www.fossgis-konferenz.de/2020/	Freiburg	DE	Albert-Ludwigs-Universität	https://www.openstreetmap.org/way/102476555	48.00122	7.84897		nococ	Die FOSSGIS-Konferenz ist die führende Konferenz für Freie und Open Source Software Geo-Software und OpenStreetMap.	20191117	https://www.fossgis-konferenz.de/2020/callforpapers/	Community Conference		100-300	yes	?	DE								
yes	20200312	20200314	t3chfest	t3chfest		T3chfest2020	https://t3chfest.uc3m.es/2020/	Madrid	ES	Auditorio Universidad Carlos III	https://www.openstreetmap.org/#map=18/40.33250/-3.76546	40.3325	-3.76546		https://t3chfest.uc3m.es/2020/codigo-conducta/		20191215	https://t3chfest.es/2020/en/call-for-talks?utm_campaign=tw	Community Conference	Hackathon,Programming	Zero	no	2000	ES						https://twitter.com/t3chfest		
yes	20200313	20200315	DrupalCamp London	DrupalCamp London 2020			https://groups.drupal.org/node/535355	London	UK	University of London					nococ	DrupalCamp London brings together hundreds of people from across the globe who use, develop, design, and support the Drupal platform. It’s a chance for Drupalers from all backgrounds to meet, discuss, and engage in the Drupal community and project.			Project Conference	Drupal			?									
yes	20200314	20200315	Chemnitzer Linux-Tage	Chemnitzer Linux-Tage	CLT	CLT2020	https://chemnitzer.linux-tage.de/2020	Chemnitz	DE	Technische Universität Chemnitz	https://www.openstreetmap.org/way/30742889	50.81357	12.92928		nococ	The Chemnitz Linux Days stand for a cosmopolitan and peaceful communication with each other. We promote and welcome an open society, from which many new and good ideas emerge. We warmly welcome guests of all nations and look forward to 16./17. March 2019 and our international audience at the 21. Chhemnitzer Linux-Tagen	20200108	https://chemnitzer.linux-tage.de/2020/en/programm/call-for-lectures	Community Conference	foss, floss	10,00 €	possible	3600	DE		yes	Mach es Einfach!	job vacancies	yes	http://chemnitzer.linux-tage.de/twitter	https://mastodon.social/@clt_news	
yes	20200320	20200320	Libre en Fête	Libre en Fête			https://www.libre-en-fete.net/2020/		FR						nococ				Regional Day				?									
yes	20200327	20200328	openSUSE Summit Dublin	openSUSE Summit Dublin	openSUSE Summit		https://events.opensuse.org/conferences/Dublin	Dublin	IE	Convention Centre	https://www.openstreetmap.org/way/60270053	53.34823	-6.23953			The openSUSE Conference begins Friday, May 24, at 10 a.m. and will finish on Sunday, May 26. The openSUSE Conference is the annual openSUSE community event that brings people from around the world together to meet and collaborate. The organized talks, workshops, and BoF sessions provide a framework around more casual meet ups and hack sessions. A party here and there provides the time to relax and have fun, making connections on a more personal level.	20200214	https://events.opensuse.org/conferences/Dublin/program/proposals/new	Project Conference	OpenSUSE,Dublin	?	https://events.opensuse.org/conferences/Dublin/register/new	?	EN	OpenSUSE	/data/eventlogos/2020/2020-opensuse-dublin.png				https://twitter.com/opensuse		
yes	20200330	20200402	KubeCon + CloudNativeCon Europe	KubeCon + CloudNativeCon Europe			https://events.linuxfoundation.org/kubecon-cloudnativecon-europe/	Amsterdam	NL	RAI Amsterdam Convention Centre	https://www.openstreetmap.org/way/548207841	52.34051	4.88892		https://events.linuxfoundation.org/kubecon-cloudnativecon-europe/attend/code-of-conduct/	The Cloud Native Computing Foundation’s flagship conference gathers adopters and technologists from leading open source and cloud native communities in Amsterdam, The Netherlands from March 30 – April 2, 2020. Join Kubernetes, Prometheus, Envoy, CoreDNS, containerd, Fluentd, TUF, Jaeger, Vitess, OpenTracing, gRPC, CNI, Notary, NATS, Linkerd, Helm, Rook, Harbor, etcd, Open Policy Agent, CRI-O, TiKV, CloudEvents and Falco as the community gathers for four days to further the education and advancement of cloud native computing.	20191204	https://events.linuxfoundation.org/kubecon-cloudnativecon-europe/program/cfp/	Business Conference	Kubernetes, Prometheus, Cloud	450$	https://events.linuxfoundation.org/kubecon-cloudnativecon-europe/register/	?	EN	Linux Foundation	/data/eventlogos/2020/2020-logo-kccnc-eu-white.svg						
yes	20200329	20200330	Kubernetes Contributor Summit Europe	Kubernetes Contributor Summit Europe			https://events.linuxfoundation.org/kubernetes-contributor-summit-europe/	Amsterdam	NL	RAI Amsterdam Convention Centre	https://www.openstreetmap.org/way/548207841	52.34051	4.88892				20200207	https://docs.google.com/forms/d/e/1FAIpQLSfTv0YcPDomj5vPsMEodv9xS3Zd6CZWDVMcL0kGF8FjL9ADDA/viewform	Project Conference	Kubernetes			?	EN	Linux Foundation	/data/eventlogos/2020/2020-kcs-eu-logo-white-01.svg						
yes	20200329	20200401	foss-north	Foss-north 2020	Foss-north	fossnorth	https://foss-north.se/2020/	Gothenburg	SE	Chalmers Conference Centre	https://www.openstreetmap.org/node/6390774037	57.68926	11.97372		https://foss-north.se/2019/coc.html	foss-north is a free / open source conference covering both software and hardware from the technical perspective. Hosted in Gothenburg between Copenhagen, Oslo, and Stockholm, with an international airport, we provide a meeting place for the Nordic foss communities and will bring together great speakers with a great audience.	open	https://foss-north.se/accounts/login/?next=/events/2020/callforpapers/	Community Conference	floss,foss	yes	yes	250	EN								
yes	20200331	20200402	Collaborations Workshop	Collaborations Workshop 2020	CW20	CollabW20	https://www.software.ac.uk/cw19	Belfast	UK	Queen's University	https://www.openstreetmap.org/relation/9300103	54.5836	-5.9353		https://www.software.ac.uk/cw20/code-conduct	<p>The Software Sustainability Institute’s Collaborations Workshop series brings together researchers, developers, innovators, managers, funders, publishers, leaders and educators to explore best practices and the future of research software. Collaborations Workshop 2020 (CW20) takes place from Tuesday 31st March to Wednesday 1st April 2020 at Queen's University, Belfast. The CW20 Hack Day takes place on the evening of Wednesday 1st of April to end of the working day Thursday 2nd of April at Ulster University, Belfast. The themes at CW20 are:</p><ul><li>Open Research</li><li>Data Privacy</li><li>Software Sustainability</li></ul>			Conference,Science	Hack Day	6	https://www.eventbrite.co.uk/e/collaborations-workshop-2020-cw20-collabw20-tickets-72375437883	?	EN								
yes	20200402	20200405	MERGE-it	MERGE-it	MERGE-it	mergeit20	https://merge-it.net/	Turin	Italy						nococ	<p>In Italia esistono tante realtà che si occupano di cultura e libertà digitali, sotto molti aspetti ed in molti modi. Scopo di MERGE-it è riunirle insieme, per conoscersi e farsi conoscere, discutere e dibattere, confrontarsi e misurarsi.</p><p>La prima edizione si è svolta nel marzo 2018, si è articolata in otto diverse aule tematiche e ha accolto partecipanti da tutta Italia. Per la seconda edizione si intende estendere l'ambito di riferimento, coinvolgendo anche altri soggetti.</p><p>L'evento è aperto a tutti, la partecipazione gratuita, e non è necessario registrarsi.</p>	open	https://merge-it.net/#call	Community Conference		Zero	no	?	IT		yes						
yes	20200404	20200405	Les Journées du Logiciel Libre	Les Journées du Logiciel Libre 2020	JDLL		https://jdll.org/	Lyon	FR	Maison Pour Tous – salle des Rancy 	https://www.openstreetmap.org/way/49680968	45.7559	4.84781		https://jdll.org/histoire/code-of-conduct	Lieu de rencontre bouillonnant depuis 1998, les journées du logiciel libre accueillent le temps d'un week-end les curieuses et curieux de tout bord. Qu'importe votre niveau, venez vous initier, partager vos idées, vos programmes, vos projets et construire ensemble des lendemains plus libres !	20200208	https://pretalx.jdll.org/jdll2020/login/?next=/jdll2020/cfp	Community Conference	install party,info booths	Zero	no	?	FR								
yes	20200407	20200407	Libertybits	Libertybits			https://libertybits.org/	Sofia	BG	Sofia Tech Park's Forum	https://www.openstreetmap.org/way/334366114	42.6684	23.3746		https://libertybits.org/code-of-conduct/	<p>The concentration of great power into very small number of players (a.k.a. centralization) puts them in a dominant position and leads to misuse of the acquired power. This includes governmental, political, economical and corporate power.</p><p>The goal of LibertyBits Conference is to stress out this critical ethical issue, focusing on 4 major topics (blockchain, privacy, free software and independent living) in order to reveal as much opportunities as possible about how we could avoid (or even escape) our dependency from the monopolies of power and how we can achieve more sustainable and peaceful life through decentralization.</p>					3	yes	?	EN								
yes	20200417	20200419	Software Freedom Kosova	Software Freedom Kosova Conference 2020	SFK		https://sfk.flossk.org/sfk20/	Prishtina	KO		https://www.openstreetmap.org/#map=17/42.66043/21.15946	42.66043	21.15946		nococ	<p>Software Freedom Kosova Conference (SFK) is one of the biggest and oldest annual conferences in Southeast Europe established to promote software freedom, open culture and free knowledge. It is run by FLOSSK, a Kosovo NGO.</p><p>The Conference gathers each year developers, academicians and users who share the idea that software should be free and open for the community to use and customize to its needs.</p><p>The theme in 2020 is *Sensors for Good*. We aim to show ways to sense the world around us to do good: whether software, hardware or data. Call for speakers is now open and funding for speakers' travel and accommodation is available.</p>	open	https://docs.google.com/forms/d/e/1FAIpQLSfx2wCl2RIZuNOvV4AlfGAXZe8vDnei0iPsNNvryeegaG9OFA/viewform	Community Conference	FLOSSK	Zero	no	300	EN			Sensors for good			http://twitter.com/flosskosova	https://mastodon.cloud/@flossk	
yes	20200417	20200418	Grazer Linuxtage	Grazer Linuxtage			https://www.linuxtage.at/	Graz	AT	Technische Universität Graz	https://www.openstreetmap.org/way/27013323	47.05809	15.46048		https://www.linuxtage.at/coc	Die Grazer Linuxtage sind eine jährliche Konferenz rund um Open-Source Software und Hardware in Graz.	20200131	https://pretalx.linuxtage.at/glt20/cfp	Community Conference	graz,linuxtage	Zero	no	~800	DE						https://twitter.com/linuxtage		
yes	20200420	20200424	Internet Freedom Festival	Internet Freedom Festival	IFF	IFF2020	https://internetfreedomfestival.org/	Valencia	ES	Las Naves	https://www.openstreetmap.org/way/158789093	39.4585	-0.33797		https://internetfreedomfestival.org/wiki/index.php/Code_of_Conduct	The Internet Freedom Festival is the only organization focused entirely in community development for the Internet Freedom field. We design programs and tools to bring together the eclectic plethora of activist groups, NGOs, governmental agencies, media organizations, large internet platforms, and many others who rely on each other to achieve the common goal of a free and open internet for all.	20191215	https://internetfreedomfestival.org/cfp-guide-2020/	Unconference	Diversity, Village, Global	Zero	yes	1700	EN						https://twitter.com/internetff		
yes	20200424	20200426	Akademy-es	Akademy-es 2020			https://www.kde-espana.org/akademy-es-2020	Malaga	ES	El Polo Digital	https://www.openstreetmap.org/relation/1426741	36.69882	-4.43922			<p>Akademy-es es el encuentro anual de desarrolladores, colaboradores y usuarios de KDE en España, que se celebra desde el año 2006 en distintas ciudades del territorio español y con ésta se llegará a la decimocuarta edición.</p><p>Este año Akademy-es 2020 se celebrará en Málaga concretamente dentro del gran evento libre Opensouthcode del 24 al 26 de abril.</p><p>Málaga, capital de la provincia homónima, es la quinta ciudad de España en número de habitantes. Está situada en el sur de la Península Ibérica, en un privilegiado enclave natural.</p><p>El mar Mediterráneo baña sus costas y los montes de Málaga la circundan, conformando una barrera montañosa que la defiende del frío, caracterizándose su clima por sus suaves temperaturas gracias al papel del mar como regulador térmico.</p>	20200229	https://www.kde-espana.org/akademy-es-2020/presenta-tu-charla	Project Conference,Hackmeeting	KDE,	Zero	?	?	ES	KDE España			Akademy-es is hosted by <a href=”/2020/04-24-opensouthcode.html”>Open South Code</a>				
yes	20200424	20200425	Opensouthcode	Opensouthcode 2020	Opensouthcode	Opensouthcode	https://www.opensouthcode.org/	Malaga	ES	El Polo Digital	https://www.openstreetmap.org/relation/1426741	36.69882	-4.43922		https://www.opensouthcode.org/conferences/opensouthcode2020#conduct	<p>Opensouthcode es un evento para promocionar y dar a conocer las tecnologías abiertas: software/hardware libre y opensource. El evento es gratuito.</p><p>Opensouthcode is an event to promote open technologies: free software/hardware and opensource. The event is free (as in beer 	20200124	https://www.opensouthcode.org/conferences/opensouthcode2020/program/proposals/new	Community Conference	Free Software, Free Hardware, Open Source	Zero	no	?	ES				Open South Code hosts Akademy-es, the annual hackmeeting and conference of KDE España		https://twitter.com/opensouthcode		
yes	20200425	20200425	FLISOL	Festival Latinoamericano de Instalación de Software Libre	FLISOL		https://flisol.info/FLISOL2020/Espana									Cada año, el cuarto sábado de abril se organizan jornadas de difusión de Software Libre de forma simultánea en varios cientos de localidades del planeta, un macroevento conocido como FLISOL. Hace ya 9 años se organizó por primera vez en España, por lo que en 2019 será la 10ª vez que se realice. Y es que lo gratificante de la experiencia y la importancia de apoyar y difundir el Software Libre en nuestro entorno, nos motiva a continuar año tras año. 			Regional Day				?									
yes	20200425	20200425	Open Education Day	Open Education Day			https://openeducationday.ch/	Bern	CH	Pädagogische Hochschule	https://www.openstreetmap.org/node/6140870034	46.95237	7.42275		nococ	Mit einer breiten Palette von Referaten, Workshops und Kurzpräsentationen vermittelt die kostenlose Tagung Wissen und Erfahrung zu Open Source Technologien, Open Content und Informatikkompetenzen im Lehrplan 21.	20191201	https://openeducationday.ch/call-for-speakers/					?									
yes	20200430	20200430	Linux Days Villach	Linux Days Villach			https://services.htl-villach.at/linuxday/	Villach	AT						nococ	?			Community Conference		?	?	?	DE								
yes	20200504	20200504	Digitale Souveränität	Digitale Souveränität und Modernisierung der öffentlichen Verwaltung			https://registration.fsfe.org/Digitale-Verwaltung-2020	Berlin	DE	Kalkscheune	https://www.openstreetmap.org/relation/1505139	52.52416	13.38956		https://fsfe.org/about/codeofconduct	<p>In den letzten Jahren wurde verstärkt über den Einsatz Freier Software in Verwaltungen diskutiert. Viele Verwaltungen haben mittlerweile weitreichende, positive Erfahrungen mit dem Einsatz Freier Software sammeln können. In einigen Bereichen sehen sie sich jedoch durch die Abhängigkeiten von einzelnen Herstellern proprietärer Software immer noch mit schwierigen Situationen konfrontiert: Modifikationen können nur umständlich vorgenommen werden, die Zusammenarbeit mit anderen Verwaltungen wird erschwert und Steuergelder werden für Lizenzen verwendet.</p><p>In der Veranstaltung wollen wir zum einen erfolgreiche Freie-Software-Projekte in der Verwaltung aus Anbietersicht vorstellen (Vormittag) als auch die Sicht der Verwaltungen auf Freie-Software-Projekte diskutieren (Nachmittag). Die Pausen sollen genutzt werden, damit Interessierte im Rahmen einer Ausstellung ins Gespräch kommen können.</p>			Policy Conference	fsfe,publiccode,digitale souveränität,verwaltung	Zero	https://registration.fsfe.org/Digitale-Verwaltung-2020	1st time	DE	Free Software Foundation Europe	/data/eventlogos/2020/2020-logo-fsfe.png						
yes	20200611	20200613	DrupalCamp Spain	DrupalCamp Spain 2020			https://2020.drupalcamp.es/	Malaga	ES	El Polo Digital	https://www.openstreetmap.org/relation/1426741	36.69882	-4.4392		https://docs.google.com/document/d/1egzPQfY0Tg4IjPUlnvz5BrEWwOPnBK2A91Zy-KIwK2w/edit?usp=sharing				Conference,Project	Drupal	?	yes	300	ES	Asociación Española de Drupal	no				http://twitter.com/drupalcampspain		
yes	20200509	20200511	Wikimedia Hackathon	Wikimedia Hackathon 2020			https://www.mediawiki.org/wiki/Wikimedia_Hackathon_2020	Tirana	SQ	Oficina	https://www.openstreetmap.org/way/449516501	41.33538	19.80763		https://foundation.wikimedia.org/wiki/Friendly_space_policy	The Wikimedia Hackathon is a major event that brings together developers from all around the world to improve the technological infrastructure of Wikipedia and other Wikimedia projects, particularly the MediaWiki platform on which they are based, and other Wikimedia code development.			Hackathon	Wikimedia,Wikipedia,Open Knowledge	Zero	yes	?	EN								
yes	20200521	20200521	OpenTechSummit	OpenTechSummit	OpenTechSummit	OpenTechSummit	https://opentechsummit.net/	Berlin	DE	Motionlab	https://www.openstreetmap.org/node/4764927721	52.49361	13.44815		http://speakers.opentechsummit.net/coc	Der OpenTechSummit bringt die spannendsten Ideen und Macher der Open-Technology-Community zusammen. Themen reichen von Open Hardware, über Enzyklopädien des freien Wissens, Software-Entwicklung und freie Netze bis hin zu Fragen über Copyright und Patente für Firmengründer. Für Kinder und Technik-Begeisterte gibt es Workshops zum Selberbauen. Der erste OpenTechSummit fand bereits 2009 statt. 			Community Conference		Zero	no	50	EN						https://twitter.com/opntec		
yes	20200526	20200529	Libre Graphics Meeting	Libre Graphics Meeting	LGM	LGM20	http://libregraphicsmeeting.org/2020/	Rennes	FR														?							https://twitter.com/lgmeeting		
yes	20200605	20200607	PyCon CZ	PyCon CZ		PyConCZ	https://cz.pycon.org/2020/	Ostrava	CZ	Hlubina	https://www.openstreetmap.org/#map=18/49.82144/18.27744	49.82144	18.27744		https://cz.pycon.org/2020/coc/	6th PyCon CZ is organized by volunteers from Czech Python community for anyone interested in Python: professionals, novices, students and hobbyist Python programmers from Czechia and abroad. Everyone gets a chance to learn, receive support, and connect with others in a friendly atmosphere.	20200331	https://cz.pycon.org/2020/cfp/	Project Conference	Python,PyConCZ,Czechia	500CZK - 3900CZK	yes	470	EN		/data/eventlogos/2020/2020-pyconcz-logo.svg						
yes	20200602	20200604	Xen Developer & Design Summit	Xen Developer & Design Summit			https://events.linuxfoundation.org/xen-summit/	Bucharest	RO	PRECIS Center	https://www.openstreetmap.org/way/452377556	44.435	26.04775		https://events.linuxfoundation.org/xen-summit/attend/code-of-conduct/	The Xen Project Developer and Design Summit brings together the Xen Project’s community of developers and power users for their annual developer conference. The conference is about sharing ideas and the latest developments, sharing experience, planning, collaboration and above all to have fun and to meet the community that defines the Xen Project.	20200306	https://events.linuxfoundation.org/xen-summit/program/cfp/	Project Conference	Xen	200$	https://events.linuxfoundation.org/xen-summit/register/	?	EN	Linux Foundation	/data/eventlogos/2020/2020-XenDDS_logo.svg						
yes	20200604	20200606	WordCamp Europe	WordCamp Europe 2020	Wordcamp	wceu20	https://2020.europe.wordcamp.org/	Porto	PT	Palácio de Cristal – Arena	https://www.openstreetmap.org/way/35341148	41.14682	-8.62589		https://2020.europe.wordcamp.org/code-of-conduct/	WordCamp Europe is the largest WordPress event in the world bringing all local communities together. 	20200106	https://2020.europe.wordcamp.org/2019/10/23/call-for-speakers/#more-5	Project Conference	Wordpress	~50€	https://2020.europe.wordcamp.org/tickets/	3000	EN								
yes	20200606	20200607	DrupalCamp Kyiv	DrupalCamp Kyiv 2020			https://drupalcampkyiv.org/en	Kiev	UA	Mercure Kyiv Congress Hal	https://www.openstreetmap.org/#map=18/50.45002/30.44298	50.45002	30.44298		nococ	We are gathering as much drupalists as we can in Ukraine and from neighbour countries to have fun and learn something new.			Project Conference	Drupal	~50€	yes	400	EN								
yes	20200606	20200607	Linuxwochen Linz	Linuxwochen Linz 2020			https://www.linuxwochen-linz.at/2020/home/	Linz	AT	Hackerspace /dev/lol	https://www.openstreetmap.org/?mlat=48.30578371882439&mlon=14.283830523490906#map=18/48.30578/14.28383	48.30578	14.28383		nada	Auch 2020 laden die Linuxwochen Linz wieder alle Technikinteressierten und Freunde der Open Source/Open Hardware/Open Data Welt ein. Ein Teil der Vorträge werden in Form eines Barcamps organisiert. Die Teilnahme am Barcamp kann vorab bzw. auch während der Veranstaltung bekannt gegeben werden.			Community Conference	Linux	Zero	no	?	DE		/data/eventlogos/2020/2020-linuxwochen-linz-logo.svg		Barcamp		https://twitter.com/LinuxwochenLinz		
yes	20200612	20200614	Chaos Singularity	Chaos Singularity 2020	CoSin	CoSin	https://www.cosin.ch/	Biel/Bienne	CH	Villa Ritter	https://www.openstreetmap.org/?mlat=47.14426%2C7.24994&mlon=7.24994&zoom=17#map=16/47.14420/7.2516	47.1442	7.2516		nococ	CoSin is short for Chaos Singularity. We are not quite sure what that means, but we do know, what we want with it: We hope to provide a chance for geeks, nerds, hackers, discordians, chaots and other interested or curious people, to meet, learn, chat, have fun and relax. During three days, we'd like to offer the opportunity to investigate technology, think about its effects on society, or just chat with other participants in a relaxed atmosphere.	20200531	https://www.cosin.ch/en/cfp/	Community Conference		?	no	?	DE/EN	no							
yes	20200618	20200621	DrupalCamping	DrupalCamping am Allersee	DrupalCamping	DrupalCamping	https://groups.drupal.org/node/535334	Wolfsburg	DE	Allersee	https://www.openstreetmap.org/way/131652496	52.43204	10.81483						Project Conference,Camping	Drupal		yes	?	DE						https://twitter.com/drupalcamping		
yes	20200629	20200701	Pass the SALT	Pass the SALT 2020	Pass the SALT	pts20	https://2020.pass-the-salt.org/	Lille	FR	Polytech Lille	https://www.openstreetmap.org/way/79509053	50.60777	3.13636		https://2020.pass-the-salt.org/code-of-conduct/	Dedicated to Free Software and Security.<br />Free as in free beer and as in Freedom.<br />English spoken conference.<br />3 days of talks & workshops. Lille, France.			Community Conference	Security	Zero	no	?	EN						https://twitter.com/passthesaltcon		
yes	20200702	20200704	Wikidata Days 2020	Wikidata Days 2020			https://meta.wikimedia.org/wiki/WikiData_Days_2020	Carcavelos	PT	Nova School of Business and Economics	https://www.openstreetmap.org/way/504237613	38.6784839	-9.3279658,17						Project Conference	Wikidata,Portugal,Wikidata Days	?	yes	?	EN		/data/eventlogos/2020/2020-Wikidatadays2020_banner.jpg	share, collaborate, transform: shaping data in a changing world					
yes	20200729	20200802	Italian Hacker Camp	Italian Hacker Camp 2020	IHC	IHC2020	https://ihc.camp	Padua	IT	FENICE Green Energy Park	https://www.openstreetmap.org/way/37959510	45.39966	11.91854						Community Conference,Camping	Self-Organized,bi-yearly,		yes	650	EN						https://twitter.com/ihc_camp		
yes	20200811	20200818	BornHack	BornHack		BornHack	https://bornhack.dk/bornhack-2020/	Island of Funen	DK	Offroad	https://www.openstreetmap.org/#map=6/55.385601/9.939074	55.385601	9.939074		https://bornhack.dk/conduct/	BornHack is a 7 day outdoor tent camp where hackers, makers and people with an interest in technology or security come together to celebrate technology, socialise, learn and have fun. 			Community Conference,Camping		~ 1.200 DKK (~160 €)	yes	?	EN		yes				https://twitter.com/bornhax		
yes	20200819	20200821	GNU Hackers Meeting	GNU Hackers Meeting 2020	GHM		https://www.gnu.org/ghm/2020/#main	Hamburg	DE	dock europe e.V. Internationales Bildungszentrum	https://www.openstreetmap.org/node/375717634	53.55849	9.94362		nococ	2020 the (european) GHM is going to Germany ! This time, we will be gathering in the nice city of Hamburg for hacking, learning and meeting each other. Renting the room will cost 20,-€ per participant. 	open	https://www.gnu.org/ghm/2020/#callfortalks	Hackmeeting	GNU	20	yes	?	EN								
yes	20200822	20200823	FrOSCon	FrOSCon		FrOSCon	https://www.froscon.de/ 	Sankt-Augustin	DE	Hochschule Bonn-Rhein-Sieg	https://www.openstreetmap.org/way/32320855	50.78019	7.18324		nococ	Every year in the late summer, the computer science department of the University of Applied Sciences Bonn-Rhein-Sieg, supported by FrOSCon e.V., organizes an exciting program with talks and workshops for visitors of all ages who use, want to get to know or develop free software.			Community Conference		Zero	no	?	DE				Private Accommodations can be arranged		https://twitter.com/froscon		
yes	20200918	20200919	Kielux	Kieler Open Source und Linux Tage	Kielux	Kielux	https://kielux.de/	Kiel	DE	Kieler Innovations- und Technologiezentrum	https://www.openstreetmap.org/way/19838580	54.33513	10.1193		nococ	"Alljährlich im September, in zeitlicher Nähe zum internationalen Software Freedom Day, finden in Kiel im Kieler Innovations- und Technologiezentrum die Kieler Open Source und Linux Tage statt. Die Veranstaltung bietet ihren Besuchern eine ausgewogene Kombination aus Konferenz mit Vorträgen, Hands-on-Workshops, Ausstellung und Rahmenprogramm. Auch das leibliche Wohl kommt dabei nicht zu kurz. Das vielfältige Format eröffnet Besuchern, Firmen und Projekten viele Möglichkeiten, zwanglos miteinander in Kontakt zu treten und fördert den Ideenaustausch zwischen allen Beteiligten. Die Themenauswahl der Vorträge und Workshops ist regelmäßig breit gefächert, so dass sowohl Einsteiger als auch Experten bei einem Besuch auf der ""Kielux"" auf ihre Kosten kommen. Auch wenn die Kieler Open Source und Linux Tage einen starken regionalen Bezug haben, so kommen Besucher, Referenten und Aussteller aus allen Teilen Deutschlands. Neben den ""großen"" Linuxtagen finden auch immer wieder in unregelmäßigen Abständen zusätzliche Veranstaltungen, wie zum Beispiel Thementage, Workshops oder Abendvorträge statt. Der Eintritt ist frei - sowohl für die Zusatzveranstaltungen als auch für die Kieler Open Source und Linux Tage."			Community Conference		Zero	no	?	DE				LPI-Prüfung,Gewinnspiel,Jobwand		https://twitter.com/kielux		
yes	20200919	20200919	Open Source and Linux	Open Source and Linux			https://osdn.org.ua/	Kiev	UA	Nivki-hall	https://www.openstreetmap.org/node/3785206979	50.45948	30.40823		https://osdn.org.ua/#conduct	The Conference is a non-commercial, volunteer-organized event centered on free and open-source software. It is geared towards users, developers and anyone interested in the free and open-source software movement. The Conference is held annually since 2002, in September in Kyiv, Ukraine.	20190907	https://docs.google.com/forms/d/e/1FAIpQLSf77dzI59XN82_-CLhPNAp3z8X0T97NJr2V8BWVqRa8k9SvmA/viewform	Community Conference		Zero	https://osdn.org.ua/#registration	?	EN								
yes	20200923	20200925	MiniDebCamp Regensburg	MiniDebCamp Regensburg			https://wiki.debian.org/DebianEvents/de/2020/MiniDebConfRegensburg	Regensburg	DE	Ostbayrische Technische Hochschule	https://www.openstreetmap.org/?mlat=49.00329&mlon=12.09721#map=17/49.00329/12.09721	49.00329	12.09721		http://debconf.org/codeofconduct.shtml	The MiniDebcamp from Wednesday to Friday is a perfect opportunity to host Debian sprints. We would welcome if teams assemble and work together on their projects.			Hackmeeting	Debian	Zero	no	?	EN	Debian Hackers	/data/eventlogos/2020/2020-debian-logo.svg						
yes	20200926	20200927	MiniDebConf Regensburg	MiniDebConf Regensburg			https://wiki.debian.org/DebianEvents/de/2020/MiniDebConfRegensburg	Regensburg	DE	Ostbayrische Technische Hochschule	https://www.openstreetmap.org/?mlat=49.00329&mlon=12.09721#map=17/49.00329/12.09721	49.00329	12.09721		http://debconf.org/codeofconduct.shtml	MiniDebConfs are local meetings organized by Debian project members to achieve similar objectives to those of the DebConf, but on a regional context. 			Community Conference	Debian	Zero	no	?	EN	Debian Hackers	/data/eventlogos/2020/2020-debian-logo.svg						
yes	20200929	20200930	Open Networking & Edge Summit	Open Networking & Edge Summit			https://events.linuxfoundation.org/open-networking-edge-summit-europe/	Antwerp	BE	Flanders Meeting & Convention Center	https://www.openstreetmap.org/way/499922860	51.2181	4.42184		https://events.linuxfoundation.org/open-networking-edge-summit-europe/attend/code-of-conduct/	Open Networking & Edge Summit (formerly Open Networking Summit) is the industry’s premier open networking event now expanded to comprehensively cover Edge Computing, Edge Cloud & IoT. Open Networking & Edge Summit (ONES) enables collaborative development and innovation across enterprises, service providers/telcos and cloud providers to shape the future of networking and edge computing.	20200607	https://events.linuxfoundation.org/open-networking-edge-summit-europe/program/cfp/	Business Conference	Edge Computing,Edge Cloud,Open Networking,Linux Foundation	1025$	https://events.linuxfoundation.org/open-networking-edge-summit-europe/register/	?	EN	Linux Foundation	/data/eventlogos/2020/2020-ONES_Logos_Regional_EU_TrueWhite-1.svg						
yes	20201026	20201028	KVM Forum	KVM Forum			https://events.linuxfoundation.org/kvm-forum/	Dublin	IE	Convention Centre Dublin	https://www.openstreetmap.org/way/60270053	53.34823	-6.23953		https://events.linuxfoundation.org/kvm-forum/attend/code-of-conduct/	<p>KVM Forum is an annual event that presents a rare opportunity for developers and users to meet, discuss the state of Linux virtualization technology, and plan for the challenges ahead. This highly technical conference unites the developers who drive KVM development and the users who depend on KVM as part of their offerings, or to power their data centers and clouds.</p><p>Sessions include updates on the state of the KVM virtualization stack, planning for the future, and many opportunities for attendees to collaborate. After more than nine years in the mainline kernel, KVM continues to be a critical part of the FOSS cloud infrastructure. Come join us in continuing to improve the KVM ecosystem.</p>			Business Conference	Linux,Virtualization	550$	https://events.linuxfoundation.org/kvm-forum/register/	?	EN	Linux Foundation	/data/eventlogos/2020/2020-logo-KVM_Forum-1.svg						
yes	20201026	20201028	Embedded Linux Conference	Embedded Linux Conference			https://events.linuxfoundation.org/embedded-linux-conference-europe/	Dublin	IE	Convention Centre Dublin	https://www.openstreetmap.org/way/60270053	53.34823	-6.23953		https://events.linuxfoundation.org/embedded-linux-conference-europe/attend/code-of-conduct/	Embedded Linux Conference (ELC) is the premier vendor-neutral technical conference where developers working on embedded Linux and industrial IoT products and deployments gather for education and collaboration, paving the way for innovation. Attend, and join 800+ technical experts paving the way for transformation in these key areas from across the globe for education, collaboration and deep dive learning opportunities. 			Business Conference	Embedded,Linux	1000$	https://events.linuxfoundation.org/embedded-linux-conference-europe/register/	?	EN	Linux Foundation	/data/eventlogos/2020/2020-LF-Event-Logo-_ELC-EU-White.svg						
yes	20201026	20201028	Open Source Summit Europe	Open Source Summit Europe		OSSEU	https://events.linuxfoundation.org/open-source-summit-europe/	Dublin	IE	Convention Centre Dublin	https://www.openstreetmap.org/way/60270053	53.34823	-6.23953		https://events.linuxfoundation.org/open-source-summit-europe/attend/code-of-conduct/	Open Source Summit Europe (OSS EU) is the leading conference for developers, architects, and other technologists – as well as open source community and industry leaders – to collaborate, share information, learn about the latest technologies and gain a competitive advantage by using innovative open solutions. 			Business Conference	Open Source,Summit	1000$	https://events.linuxfoundation.org/open-source-summit-europe/register/	?	EN	Linux Foundation	/data/eventlogos/2020/2020-LF-Event-Logo-_OSS-EU-V-White-01-1.svg						
yes	20201029	20201030	Linux Security Summit	Linux Security Summit			https://events.linuxfoundation.org/linux-security-summit-europe/	Dublin	IE	Convention Centre Dublin	https://www.openstreetmap.org/way/60270053	53.34823	-6.23953		https://events.linuxfoundation.org/linux-security-summit-europe/attend/code-of-conduct/	<p>The Linux Security Summit (LSS) is a technical forum for collaboration between Linux developers, researchers, and end-users. Its primary aim is to foster community efforts in analyzing and solving Linux security challenges.</p><p>LSS will be held as two separate events, one in North America (LSS-NA), and one in Europe (LSS-EU), to facilitate broader participation in Linux Security development.</p>			Business Conference	Linux,Security	125$	https://events.linuxfoundation.org/linux-security-summit-europe/register/	?	EN	Linux Foundation	/data/eventlogos/2020/2020-logo-LSS_Logo_Europe_White-01.svg						
	20190215	20190217	Drupalcamp	Drupalcamp			https://paris2019.drupal.fr/	Paris	FR	Espace Saint-Martin	https://www.openstreetmap.org/?mlat=48.86336&mlon=2.35238#map=19/48.86336/2.35238	48.86336	48.86336		https://paris2019.drupal.fr/	Cet événement est organisé bénévolement par et pour la communauté Drupal. Il est porté administrativement et financièrement par l'association Drupal France et Francophonie.							?									
	20190301	20190304	Faqin	Faqin			https://www.faqin.org/	Madrid	ES	hidden					nococ	<p>The FAQin Congress is a free to attend, self-maintained, community-driven, sponsor-free event</p><p>Faqin encourages creativity and enables attendants to interact with each other in developing their own knowledge and exploring, showing, teaching, learning, sharing, *.* types of hacking.</p><p>We don't buy nor sell anything.</p>							?	EN								
	20190302	20190302	IV Congrés de Sobirania Tecnològica	IV Congrés de Sobirania Tecnològica			http://sobtec.cat/	Barcelona	ES		https://www.openstreetmap.org/?mlat=41.3730&mlon=2.1366#map=15/41.3730/2.1366	41373	2.1366										?									
yes	20200229	20200301	installfest.cz	installfest.cz			https://installfest.cz/if20	Prague	CZ	Budova E Fakulty elektrotechnické	https://www.openstreetmap.org/?mlat=50.08006&mlon=14.39048#map=19/50.08006/14.39048	50.08006	14.39048			<p>Installfest je akce, kde se setkávají začátečníci s ostřílenými linuxáky, kteří jim pomáhají s GNU/Linux nebo problémy, které vyžadují více zkušeností. InstallFest pořádaný klubem Silicon Hill je ale o něco více akčnější, kromě instalací nabízí i přednášky a navíc je možné se zúčastnit i z domova.</p><p>Installfest je akce, která má své počátky v Americe. Týká se operačního systému GNU/Linux a jeho příznivců, kteří často pomáhali svým méně zkušeným kolegům s instalací tohoto operačního systému, až se jich sešlo více najednou a začali dělat takzvané instalační festivaly, čili installfesty. Jeden z prvních installfestů probíhal v knihovně. Účastníci si tam donesli své počítače (občas i rarity a polopočítače) a instalace mohli začít. Ostřílení linuxáci radili svým méně zkušeným kolegům, ale i mezi sebou si vyměňovali spoustu zajímavých zkušeností a panovala velmi přátelská a vzrušená atmosféra.</p><p>Takové installfesty jsou dnes pořádány po celém světě. Mnohdy mezi novinkami naleznete informaci, že se podařilo uskutečnit první installfest v Egyptě, na Islandu nebo někde úplně v divočině, kde byste si skoro netroufali doufat, že tam mají vůbec počítače. Ono to nemusí být na první pohled zřejmé, ale GNU/Linux lidi spojuje. A to velmi často díky atmosféře, která tento populární operačního systému obklopuje.</p>	20200131	https://pretalx.installfest.cz/installfest-2020/cfp	Community Conference	installfest,czech republic	?	?	?	CZ		/data/eventlogos/2020/2020-installfest_logo_gray_medium.png						
nada	20190307	20190310	Drupal Mountain Camp	Drupal Mountain Camp			https://drupalmountaincamp.ch/	Davos	CH		https://www.openstreetmap.org/way/219442526	46.80074	9.83142		https://drupalmountaincamp.ch/code-conduct								?									
yes	20200604	20200606	Free Silicon Conference	Free Silicon Conference		FsiC2020	https://f-si.org/	Paris	FR	Sorbonne University	https://www.openstreetmap.org/way/17044233#map=19/48.83982/2.35396	48.83982	2.35396										?									
nada	20190325	20190329	Taller de Periodismo de Datos	Taller de Periodismo de Datos			https://www.medialab-prado.es/programas/taller-de-periodismo-de-datos-2019-sigue-el-rastro-de-la-comida	Madrid	ES	Medialab Prado	https://www.openstreetmap.org/way/219016719	40.41052	-3.69359										?									
yes	20200425	20200425	Ausburger Linux-Infotag	19. Augsburger Linux-Infotag	LIT	lit2020	https://www.luga.de/Aktionen/LIT-2020/	Augsburg	DE	Hochschule Augsburg	https://www.openstreetmap.org/index.html?mlat=48.3584&mlon=10.9061&zoom=16	48.3585	10.9062			Auf dem Linux-Infotag können sich Neulinge einen Überblick über die Anwendungsmöglichkeiten von Linux und Open-Source-Software verschaffen und fortgeschrittene NutzerInnen können sich durch den Einblick in neue Entwicklungen inspirieren lassen. Projektstände bieten die Möglichkeit zum direkten Kontakt zwischen EntwicklerInnen, ProtagonistInnen und AnwenderInnen. Außerdem wird der Bogen zu allgemeineren Themen wie Kunst und digitale Gesellschaft gespannt.	open	https://pretalx.luga.de/lit-2020/	Community Conference	Augsburg, Linux-Infotag	Zero	no	350	DE	Linux User Group Augsburg	/data/eventlogos/2020/2020-logo-linux-session-en.png						
yes	20200425	20200425	17th Linux Session 	17th Linux Session 			https://17.sesja.linuksowa.pl/en	Wrocław	PL	Congress Center of the Wrocław University	https://www.openstreetmap.org/#map=18/51.11043/17.06002	51.11043	17.06002			Linux Session is a conference about Open Source solutions and latest trends in Linux-based systems.			Community Conference	Linux Session,Poland,Warsaw	Zero	no	?	EN								
yes	20200527	20200531	DjangoCon Europe	DjangoCon Europe			https://2020.djangocon.eu/	Porto	PT										Project Conference	Django	yes	yes	?	EN								
yes	20200507	20200508	DORS/CLUC	DORS/CLUC			https://2020.dorscluc.org/	Zagreb	HR	Faculty of Electrical Engineering and Computing	https://www.openstreetmap.org/way/201559182	45.80075	15.97129		https://2020.dorscluc.org/code-of-conduct/	<p>DORS/CLUC – Dani otvorenih računarskih sustava / Croatian Linux Users’ Conference – is the oldest and biggest regional conference that covers free and open source software, open standards, and the Linux operating system. For the last 27 years, DORS/CLUC has brought together many prominent individuals and companies from the free and open source software community.</p><p>The conference is coordinated by HrOpen and HULK, two non-profit organizations that tirelessly work to promote open technologies and encourage their application in everyday life.</p><p>This year conference will take place on May 7th and 8th, at the Faculty of Electrical Engineering and Computing in Zagreb, Croatia. Once again, an interesting crowd will gather to attend talks about awesome free software topics.</p><p>During the two days of talks, workshops, and fun, DORS/CLUC becomes a place where students, FOSS enthusiasts, tinkerers, developers, hackers, freelancers, companies and the public sector representatives meet to learn, network, do business and plan projects together – all with focus on free software and Linux.</p><p>DORS/CLUC has traditionally been divided into two parts: keynotes/talks and workshops: Keynotes and talks generally cover business topics, the latest experiences with FLOSS implementation and migration, and presentations of new tools and technologies, along with explanations on how to use them. Workshops are mostly tech-oriented, and provide the attendees with an opportunity to learn how to use a particular technology, as well as how to troubleshoot and solve problems with free and open source software and hardware.</p><p>There is something for everyone at DORS/CLUC. Whether you are a beginner or an experienced member of the FOSS community, we believe that three days full of interesting talks, networking, and knowledge exchange will count as time well-spent.</p> last 26 years, DORS/CLUC has brought together many prominent individuals and companies from the free and open source software community.	open	https://2020.dorscluc.org/submit-a-talk-or-workshop/	Community Conference		Zero	no	?	EN	HrOpen & Hulk	no			?			
yes	20200410	20200413	Easterhegg	Easterhegg	Easterhegg	eh20	https://eh20.easterhegg.eu/	Hamburg	DE	Kampnagel	https://www.openstreetmap.org/way/32991874	53.583056	10.020833		nococ	Der 20. Easterhegg wird unter dem Motto: “back to root” vom 10. bis 13.04.2020 in Hamburg stattfinden. Veranstaltungsort ist die zum Kulturzentrum gewandelte, ehemalige Maschinenfabrik Kampnagel. Hier wurden Anfang bis Mitte des 19. Jahrhunderts Schiffs- und Hafenkrane hergestellt. Für den runden Geburtstag lädt der Chaos Computer Club Hamburg in dieses wunderbare Areal ein, in dem sonst zeitgenössische darstellende Kunst gezeigt wird.			Community Conference	CCC	?		?	DE	Chaos Computer Club	/data/eventlogos/2020/2020-logo-easterhegg.png	Back to root			https://twitter.com/ccchamburg		
yes	20200410	20200413	Hack the Earth	Hack the Earth	Hack the Earth			Calafou	ES	Calafou	https://www.openstreetmap.org/way/159687510	41.51141	1.70228			We are publishing the workshops and confirmed presentations for the Hack the Earth 2019 on the theme of Futurotopias - Communities to change everything.  If you want to contribute a workshop or an activity you can send an email to Calafou (at) riseup.net to be programmed.  There will also be a space during the event for all the proposals that have come to us from people who want to share knowledge or art. All the info to sign up and other logistical issues can be found here.							?									
yes	20200424	20200425	Linuxwochen Eisenstadt	Linuxwochen			https://www.linuxwochen.at/linuxwochen-eisenstadt-summary	Eisenstadt	AT	Studienzentrum der Fachhochschule Burgenland 	https://www.openstreetmap.org/way/370187001	47.82937	16.53502		nococ				Community Conference		?	?	?	DE								
	20190427	20190427	Frühlingsfest	Frühlingsfest			https://fruehlingsfest.frama.site/	Munich	DE	Café Netzwerk	https://www.openstreetmap.org/node/957531675	48.1441	11.56245										?									
yes	20200507	20200509	Linuxwochen Wien	LinuxWochenWien			http://wien.linuxwochen.at/	Vienna	AT	FH Technikum Wien	https://www.openstreetmap.org/node/3664315650	48.239444	16.377778		nococ				Community Conference		?	?	?	DE						https://twitter.com/linuxwochen		
	20190504	20190505	FOSSA	Free and Open Source Software Auditing 	EU-FOSSA2	FOSSA	https://eufossahackathon.bemyapp.com/	Brussels	BE	Silversquare Europe	https://www.openstreetmap.org/node/2656943066	50.84073	4.36936			The next EU-FOSSA 2 Hackathon, on 4/5th May, has broadened its scope. It will still have a large focus on Apache Tomcat, but will now also include other communities under the Apache Software Foundation (ASF). Aditionally, the Hackathon will be offering training sessions on some of the latest ASF projects.			Hackathon,Public Administration		Zero		50									
yes	20200425	20200426	T-Dose	T-Dose			http://www.t-dose.org/	Geldrop / Eindhoven	NL	Hofdael	https://www.openstreetmap.org/#map=19/51.42298/5.56255	51.42298	5.56255		nococ	T-DOSE is a free and yearly event held in The Netherlands to promote use and development of Open Source Software. During this event, Open Source projects, developers and visitors can exchange ideas and knowledge.			Community Conference	t-dose	?	?	?	EN / NL	T-DOSE Foundation	/data/eventlogos/2020/2020-t-dose-logo-blue.png				https://twitter.com/tdose		
	20190511	20190511	LibreItaliaConf	LibreItaliaConf 2019			https://www.libreitalia.org/sesta-conferenza-italiana-libreitalia-2019/	Palermo	IT	Sala cinematografica «Vittorio De Seta»	https://www.openstreetmap.org/?mlat=38.1186680495739&mlon=13.337590098381042#map=18/38.11867/13.33759	38.11871	13.33759								Zero		?									
	20190518	20190518	Linux Presentation Day 2019.1	Linux Presentation Day 2019.1			http://linux-presentation-day.org/									<p>At the end of 2014 the Berlin Linux User Group (BeLUG) developed a concept for a joint Linux event which aims at interested people who do not know Linux yet and especially at the (non-IT) media. This event can be organized with very little effort i.e. by small groups (and very different organisations like LUGs and schools) without budget, too. The first event of this kind was in Berlin in May 2015 at eight locations (each run by another organization).</p><p>The second Linux Presentation Day (LPD 2015.2) was in November 2015 but this time not limited to Berlin but in 72 cities in Germany, Austria and Switzerland (more than 1,500 visitors). The LPD 2016.1 was in April 2016 in more than 110 cities in 10 countries.</p><p>We are now looking for people in further countries who organize an LPD event, gain experience with this kind of event, get familiar with the whole idea and (at best) organize a nationwide participation later. But currently most countries do not have a central organiser.</p>							?									
yes	20200516	20200517	openSUSE Summit at OSCAL	openSUSE Summit at OSCAL				Tirana	SQ							openSUSE is happy to have a summit this year at OSCAL in Tirana, Albania. We welcome the open source community to participate in the summit that we are co-hosting with OSCAL. The Call for Papers will be open until April 1, 2020.			Project Conference	OpenSUSE,Tirana,OSCAL	?	?	?	EN	OpenSUSE	/data/eventlogos/2020/2020-opensuse-oscal.png		This event is hosted inside OSCAL				
yes	20200516	20200517	OSCAL	Open Source Conference Albania	OSCAL	Oscal2020	https://oscal.openlabs.cc/	Tirana	SQ	Oficina	https://www.openstreetmap.org/way/449516501	41.33539	19.80762		https://oscal.openlabs.cc/coc/	<p>If you are looking forward to spending a weekend fully dedicated to open source software and culture, meeting up with friends from different communities, hosting a talk, workshop or meetup on a topic you are passionate about, while enjoying the nice weather and great food in the city, come and join us in Tirana, Albania.</p><p>About OSCAL: OSCAL (Open Source Conference Albania) is the first annual conference in Albania organized to promote software freedom, open source software, free culture and open knowledge. The Conference will gather free libre open source technology users, developers, academics, governmental agencies and people who share the idea that software should be free and open for the local community and governments to develop and customize to its needs; that knowledge is a communal property and free and open to everyone.</p><p>This is the 7th edition of the conference. As we always try to bring new year we have been proud to have a variety in our sessions:</p><ul><li>broad range of technical topics</li><li>over 90 hours of sessions</li><li>over 70 diverse speakers</li><li>more than 20 exhibitors</li><li>exclusive cityur</li><li>hackerspace parties</li><li>diverse and inclusive environment</li></ul>	20200401	https://cfp.openlabs.cc/oscal-2020/cfp	Community Conference	Open labs,	Zero	No	250	EN	Open Labs		Internet Freedom FTW			https://twitter.com/oscalconf		
	20190523	20190526	Rencontres de la Monnaie Libre	Rencontres de la Monnaie Libre	RML13	RML13	http://rml13.creationmonetaire.info/	Perpignan	FR	Coeur de Ğ1	https://www.openstreetmap.org/?mlat=42.69588&mlon=2.88461#map=19/42.69588/2.88461	42.69588	2.88461			<p>Ces RML13 sont tout particulièrement dédiées au fondement même des Rencontres de la Monnaie Libre, c'est à dire la rencontre des informaticiens développeurs / testeurs, du coeur de fonctionnement de la Ğ1 : Duniter</p><p>Les rencontres des informaticiens sont donc dédiées aux discussions et présentations concernant les protocoles et le coeur de Duniter afin de progresser dans l'organisation et l'avancement du développement du code de Duniter et de ses variantes en cours de développement telles que DURS (Duniter en RUST) ou Juniter (Duniter en Java)</p><p>Y sont tout spécialement conviés les développeurs du coeur en priorité, mais aussi les développeurs des clients, et tout particulièrement Silkaj (client en ligne de commande) qui sera prioritaire (pour rester aussi proche du coeur que possible), Cesium et Sakia, puisqu'ils utilisent ces protocoles et sont donc aussi en mesure d'en détailler les contenus</p>							?									
	20190525	20190526	MiniDebConf Marseille	MiniDebConf Marseille			https://wiki.debian.org/DebianEvents/fr/2019/Marseille	Marseille	FR	La Maison du Chant	https://www.openstreetmap.org/way/68980947	43.30059	5.39255		https://wiki.debian.org/DebianEvents/fr/2019/Marseille#Code_of_Conduct	<p>Mini-DebConf Marseille will take place on May 25th/26th 2019.</p><p>More information on http://minidebconf-mrs.debian.net/.</p>							?									
yes	20200521	20200524	Gulaschprogrammiernacht	Gulaschprogrammiernacht		GPN19		Karlsruhe	DE	Staatliche Hochschule für Gestaltung	https://www.openstreetmap.org/way/23855655#map=15/49.0023/8.4000&layers=T	49.0023	8.4			Gulaschprogrammiernacht klingt fast wie ein Kochmarathon für schlaflose Informatikstudenten. Was 2002 in einem Karlsruher Kellerraum mit ein paar Technikbegeisterten angefangen hat, ist inzwischen zu einer der größten Veranstaltungen des Chaos Computer Clubs gewachsen. Die Themen sind breit gefächert: Den Kern bilden Hard- und Softwareentwicklung, sowie Datensicherheit. Daneben kommen aber auch Datenschutz, Netzpolitik und viele andere faszinierende Themen zum Zug: Wie kocht man das perfekte Gulasch? Kann man aus Hardwareschrott noch schönen Schmuck basteln? Wie funktioniert eigentlich eine Nähmaschine? Wie fliegt man Raumschiffe? 			Community Conference, Hackmeeting	CCC, Entropia	Zero	no	1500	DE				Gulaschkanone, Breakfast flatrate		https://twitter.com/entropiagpn		
	20190530	20190602	Toulouse Hacker Space Factory	Toulouse Hacker Space Factory			https://www.thsf.net/	Toulouse	FR	Mix'Art Myrys	https://www.openstreetmap.org/way/48416748	43.61877	1.42029			<p>ge en 2019 dans une Néo-Tokyo post-apocalyptique et futuriste. Mégapole aliénante, politiciens corrompus, révoltes sociales, expérimentations militaires, pouvoirs psychiques et mutations techno-organiques… Katsuhiro Otomo pose les bases du cyberpunk japonais et questionne avec acuité les modes d’organisation sociale, le rapport de l’homme à la technologie et sa place dans l’environnement.</p><p>La 10ème édition de la Toulouse HackerSpace Factory (THSF) se construit en hommage et écho à cette oeuvre majeure tant sur le plan graphique que scénaristique avec un récit profondément politique et social. Malheureusement la 2019 d’Otomo se rapproche par bien des aspects de notre 2019 actuelle, et les questions qu'il soulevait au début des années 80 restent toujours prégnantes. Notamment les inégalites et l'injustice sociale, le rapport à la science et aux technologies, aux contrôles des personnes et des masses, et à l’environnement. Autant de questions que, depuis 10 ans, la THSF entend partager avec des artistes, des hackers, des chercheurs, des militants associatifs et tous les publics.</p>							?									
yes	20200709	20200712	Hackmeeting 0x17	Hackmeeting 0x17	Hackmeeting		https://hackmeeting.org/hackit20/	Rome	IT	CSOA Forte prenestino	https://www.openstreetmap.org/node/251876420#map=11/41.8804/12.7285	41.89234	12.56924		https://hackmeeting.org/hackit20/info.en.html	Hackmeeting is the yearly Italian digital counter-cultures meeting			Community Conference	Hackmeeting,Italy	no	no	?	IT								
	20190531	20190502	Wireless Community Weekend	Freifunk Wireless Community Weekend 2019			https://wiki.freifunk.net/Wireless_Community_Weekend_2019	Berlin	DE	C-base	http://www.openstreetmap.org/?box=yes&bbox=13.42013%2C52.51297%2C13.42013%2C52.51297	52.51298	13.42009			The WirelessCommunityWeekend will follow the 15 years of tradition also in 2019 and take place in the c-base space station in Berlin. From the 31th of May to the 2nd of June the Freifunk community will meet with their guests to create an unconference and hackathon							?									
yes	20200825	20200827	deRSE20	2nd International Conference for Research Software Engineers in Germany	deRSE20	deRSE20	https://de-rse.org/deRSE20/	Jena	DE	Friedrich Schiller University	https://www.openstreetmap.org/relation/187012	50.92946	11.58947		https://de-rse.org/deRSE20/delegates/code-of-conduct/	The 1st International Conference for Research Software Engineers in Germany this year in June in Potsdam was a great success. Therefore we are very happy to announce that planning for the 2nd International Conference for Research Software Engineers in Germany has started!			Science Conference	research software engineering	?	?	?	?		/data/eventlogos/2020/2020-de-rse.png		"<a href=""https://de-rse.org/deRSE20/news/call-for-committee-members/"">Call for Committees</a>"				
	20190608	20190609	TuxCon	TuxCon		TuxCon	http://tuxcon.mobi/	Plovdiv	BG							TuxCon is an annual event about free and open source software and hardware. The entrance is free for all visitors. TuxCon is a community event and it is organized by volunteers. The twitter hashtag of the event is #TuxCon.							?									
	20190605	20190609	MiniDebConf in Hamburg	MiniDebCamp and MiniDebConf in Hamburg			https://wiki.debian.org/DebianEvents/de/2019/MiniDebConfHamburg	Hamburg	DE														?									
	20190611	20190611	Sharing & Reuse Conference	Sharing & Reuse Conference			https://joinup.ec.europa.eu/collection/sharing-and-reuse-it-solutions/sharing-reuse-conference-2019	Bucharest	RO														?									
yes	20200621	20200621	UK Open Source Awards	UK Open Source Awards			https://opensourceawards.org/	Edinburgh	UK	Edinburgh University Computing faculty’s Informatics Forum	https://www.openstreetmap.org/way/23046723	55.94482	-3.18737		nococ	<p>The UK Open Source Awards (UKOSA) returns for it’s 7th year, organised by SalesAgility and will once again be held in the Edinburgh University Computing faculty’s Informatics Forum on Thursday May 21st 2020.</p><p>The awards are designed to recognise and celebrate the innovation, diversity, collaboration and creativity that are core components of Open Source software creation and maintenance. If you know of any deserving projects, people or organisations, please nominate them for the following awards:</p><ol><li>Individual Award – for outstanding contributions to Open Source.</li><li>Company Award – for outstanding contribution to Open Source either through product development or contributions to projects.</li><li>Public Sector and Third Sector Award – for an outstanding Open Source project in the UK public sector or third sector.</li><li>Diversity Award – in recognition of diversity in UK Open Source.</li><li>Student Award – a cash prize of £1,500 for an outstanding contribution to Open Source from currently matriculated UK students.</li></ol>			Business Conference	Award,SalesAgility	Zero		180	EN								
yes	20200617	20200618	OW2Con	OW2Con			https://www.ow2con.org/view/2020	Paris	France	Orange Gardens	https://www.openstreetmap.org/way/396084742	48.80104	2.29457		https://www.ow2con.org/view/2020/Code_Of_Conduct?year=2020&event=OW2con20				Business Conference				?									
	20190615	20190616	Jornadas de tecnología y cultura libre	Jornadas de tecnología y cultura libre			https://jornadaslibr.es/	Madrid	ES														?									
yes	20200604	20200604	OpenExpo	OpenExpo Europe	OpenExpo	OpenExpo20	https://openexpoeurope.com/	Madrid	ES	La N@ve	https://www.openstreetmap.org/way/37995038	40.34744	-3.69629		nococ	<p>OpenExpo Europe is the largest Congress and Professional Fair on IT Innovation in Europe with more than 3500 attendees of the sector, professionals from all industries, communities, major international companies, decision makers, associations, foundations and institutions, technical profiles, experts and users of all levels to learn about the latest trends, services and tools. Increase the network of contacts, employment opportunities, generate leads and businesses and, know beforehand, all the benefits of open IT innovation.</p><p>OpenExpo Europe continues to evolve year after year offering companies the most up-to-date information on business transformation, trends within the IT sector and the latest innovations. An entire day of conferences, business cases, keynote speakers, practical workshops, round tables, demos and many other activities.</p>			Business Conference,Exhibition	IoT, Cloud	Zero	yes	3500	ES		/data/eventlogos/2020/2020-openexpo-logo-web.png		Open Awards	?	https://twitter.com/OpenExpoEurope		
yes	20200605	20200606	esLibre	esLibre 2020			https://eslib.re/2020/	Madrid	ES	Universidad Rey Juan Carlos	https://www.openstreetmap.org/#map=16/40.3350/-3.8778	40.3357	-3.8778		https://eslib.re/conducta/	<p>esLibre es un encuentro de personas interesadas en las tecnologías libres, enfocado a compartir conocimiento y experiencia alrededor de las mismas.</p><p>Después de la primera edición en Granada, ya estamos en preparación de la edición del año 2020. La próxima edición se celebrará en Madrid como resultado de la propuesta Oficina de Conocimiento y Cultura Libres de la Universidad Rey Juan Carlos. Para que podáis tener algo más de información provisionalmente, os dejamos aquí todo la información contenida en dicha propuesta.</p>			Community Conference		?	?	?	ES		/data/eventlogos/2020/2020-eslibre.png		Developer Rooms				
yes	20200724	20200726	Electromagnetic Field	Electromagnetic Field		EMF2020	https://www.emfcamp.org/	Eastnor	UK	Eastnor Castle Deer Park	https://www.openstreetmap.org/way/440950381	52.0379	-2.3785		https://www.emfcamp.org/code-of-conduct	<p>Electromagnetic Field is a non-profit UK camping festival for those with an inquisitive mind or an interest in making things: hackers, artists, geeks, crafters, scientists, and engineers.</p><p>A temporary town of more than two thousand like-minded people enjoying a long weekend of talks, performances, and workshops on everything from blacksmithing to biometrics, chiptunes to computer security, high altitude ballooning to lockpicking, origami to democracy, and online privacy to knitting.</p><p>To help matters along, we provide fast internet, power to the tent, good beer, and amazing installations, entirely organised by a dedicated team of volunteers.</p>	open	https://www.emfcamp.org/cfp	Camping, Community Conference		?	yes	2000 (+)	EN								
yes	20200702	20200705	Pas sage en seine	Pas sage en seine		pses2020	https://passageenseine.fr/	Paris	FR	Médiathèque Louis Aragon	https://www.openstreetmap.org/way/235607926	48.7624	2.41479		https://passageenseine.fr/#coc	<p>Bienvenue chez vous !</p><p>Le festival Pas Sage En seine est un rendez-vous annuel de la région parisienne qui vient de fêter ses 10 ans déjà.</p><p>Lieu incontournable du milieu hacker à ses débuts, il a toujours eu pour vocation d’amener les citoyens de tous horizons à se réapproprier la société en bidouillant le système.</p><p>Initialement axé numérique, il s’est ouvert au fur et à mesure des éditions et traite aujourd’hui de sujets aussi variés que la politique, la justice, l’alimentation, les médias, la littérature, les sciences, les arts, le journalisme, le divertissement, l’inclusivité, l’accessibilité, le handicap…</p><p>L’entrée est libre et gratuite afin d’être accessible au plus grand nombre, sans discrimination de ressources.</p><p>Le thème de l’édition 2020 est : Bidouille, écologie & démocratie.</p>	20200416	https://participer.passageenseine.fr/	Festival				?	FR	White Rabbit PSES	/data/eventlogos/2020/2020-passageenseine-logo.svg	Bidouille, écologie & démocratie. 			https://twitter.com/passageenseine		
	20190706	20190706	Tübix	Tübix			http://tuebix.org	Tübingen	DE	Gebäude auf dem Sand	https://www.openstreetmap.org/way/8044916#map=17/48.53476/9.07111	48.53476	9.07111										?									
	20190725	20190728	Camp++	Camp++			https://camp.hsbp.org/2019/pp7e3/	Komárom	HU	Fort Monostor	https://www.openstreetmap.org/?mlat=47.750556&mlon=18.093889&zoom=15#map=15/47.7506/18.0939	47.7506	18.0938										?									
	20190801	20190804	Technik Camp	Technik Camp			https://freifunk-bodensee.net/camp/	Überlingen	DE	Campus der Waldorfschule Überlingen	https://ffbsee.net/map/								Community Conference,Camping,Festival	CCC			?									
	20190808	20190811	Flock	Flock			https://flocktofedora.org/												Project Conference	Fedora			?									
	20190812	20190818	Linux Bierwanderung	Linux Bierwanderung			https://linuxbierwanderung.com/	South Shropshire	UK														?									
nada	20190814	20190818	Wikimania	Wikimania			https://wikimania2019.wikimedia.org/	Stockholm	SE														?									
	20190820	20190822	OpenSym	OpenSym			http://opensym.org/os2019/	Skövde	SE														?									
	20190822	20190825	LVEE	Linux Vacation / Eastern Europe	LVEE		https://lvee.org/en/	Minsk	BY								20190804	https://lvee.org/en/reports/abstract					?									
yes	20200827	20200830	Hacken Open Air	Hacken Open Air 2::20		hackenopenair	https://www.hackenopenair.de/	Gifhorn	DE	Pfadfinderheim Welfenhof	https://www.openstreetmap.org/#map=19/52.46289/10.60456	52.46289	10.60456		nococ	<p>Das Hacken Open Air ist feinstes Hacker-Camping, ausgerichtet vom Hackerspace Stratum 0. Wir versammeln uns zum gemütlichen Treffen mit Freunden und Bekannten.</p><p>Beim Hacken Open Air geht es um gemeinsames Basteln, Diskutieren und Grillen. Wir verzichten bewusst auf ein von uns organisiertes Vortragsprogramm. Stattdessen lassen wir euch Freiraum für selbstorganisierte Vorträge und Workshops.</p><p>Dieses Jahr campen wir am Pfadfinderheim Welfenhof in Gifhorn - 25km nördlich von Braunschweig.</p>			Camping, Unconference	Stratum 0	?	?	?	DE	Stratum 0	/data/eventlogos/2020/2020-hackenopenair.svg						
	20190823	20190828	GUADEC	GNOME Users And Developers European Conference	GUADEC	guadec	https://2019.guadec.org/	Thessaloniki	GR	University of Macedonia	https://www.openstreetmap.org/way/14791176	40.6253	22.95997		https://2019.guadec.org/pages/code-of-conduct.html		20190519	https://www.gnome.org/news/2019/04/guadec-2019-call-for-papers/	Project Conference	Gnome	Zero		?							https://twitter.com/GUADEC		
	20190830	20190808	Wuthering Bytes	Wuthering Bytes			https://wutheringbytes.com/	Hebden Bridge	UK														?									
	20190907	20190908	ActivityPub Conference	ActivityPub Conference			https://dustycloud.org/blog/activitypub-conf-2019/	Prague	CZ														?									
	20190907	20190913	Akademy	Akademy			https://akademy.kde.org/	Milan	IT														?									
	20190909	20190911	Linux Plumbers Conference	Linux Plumbers Conference			https://www.linuxplumbersconf.org/	Lisbon	PT														?									
yes	20201013	20201016	LibreOffice Conference	LibreOffice Conference			https://conference.libreoffice.org/2020/	Nürnberg	DE														?									
	20190911	20190912	Cloud Foundry Summit Europe	Cloud Foundry Summit Europe			https://www.cloudfoundry.org/event/eusummit2019/	The Hague	NL														?									
	20190912	20190912	Kernel Maintainer Summit	Kernel Maintainer Summit			https://events.linuxfoundation.org/events/linux-kernel-maintainer-summit-2019/	Lisbon	PT														?									
yes	20200925	20200927	BalCCon2k20	Balkan Computer Congress 2020	BalCCon2k20	BalCCon2k20	https://2k20.balccon.org/	Novi Sad	RS	?						<p>Our major goal is to gather all the communities from the region and abroad so we can socialize, hack, play, learn, exchange knowledge and experience and of course, party together.</p><p>BalCCon is community organized and non commercial event - from Hackers to Hackers. We are aiming to become the center of the hacker community in the region as well as to provide an opportunity for all the people in this part of Europe to connect and to cooperate.</p><p>Program and speakers will be taken through a Call for Papers few months before the congress. We have planned some special guests whose reputation is well known in the community. All applications sent by people will be stored and graded by congress orga people.</p><p>BalCCon is an international conference, therefore your submissions should be in English. It is expected that we will have participants from all over the World, so it is important to have a common language.</p>			Community Conference	CCC	?	?	?	EN		/data/eventlogos/2020/2020-balccon.png	U CNT CTRL US	Assembly space, Rakia Leaks		https://twitter.com/BalCC0n		
	20190914	20190914	Tech201909Party	Tech201909Party			http://techparty.online/	Madrid	ES														?									
	20190914	20190915	Nextcloud conference	Nextcloud conference			https://nextcloud.com/conf/	Berlin	DE														?									
	20190917	20190917	Bitkom Forum Open Source	Bitkom Forum Open Source			https://www.bitkom.org/bfoss19	Erfurt	DE														?									
	20190917	20190920	Owncloud Conference	Owncloud Conference			https://conference.owncloud.org/	Nuremberg	DE														?									
	20190918	20190922	End Summer Camp	End Summer Camp			https://www.endsummercamp.org/	Venezia Tessera	Italy														?									
	20190920	20190922	Datenspuren	Datenspuren			https://wiki.c3d2.de/Datenspuren_2019	Dresden	DE														?									
	20190920	20190922	Hackmeeting	Hackmeeting			https://es.hackmeeting.org/hm/index.php?title=Hackmeeting2019	Errekaleor-Gasteiz	ES														?									
	20190920	20190922	FixFest_Reparatur-Festival	FixFest_Reparatur-Festival			https://reparatur-festival.runder-tisch-reparatur.de/	Berlin	DE														?									
	20190919	20190919	Software Freedom Day	Software Freedom Day	SFD	sfd	http://www.softwarefreedomday.org/												Global Day				?									
nada	20190921	20190923	State of the Map	State of the Map			https://2019.stateofthemap.org/	Heidelberg	DE														?									
	20190923	20190925	Open Networking Summit	Open Networking Summit	ONS		https://events.linuxfoundation.org/events/open-networking-summit-europe-2019/	Antwerp	BE														?									
	20190923	20190926	INFORMATIK2019	INFORMATIK2019			https://gi.de/veranstaltung/informatik-2019-jahrestagung-der-gesellschaft-fuer-informatik/	Kassel	DE														?									
	20190926	20190929	Digitalfestival	Digitalfestival			http://www.digitalfestival.ch/	Zurich	CH														?									
	20190927	20190927	educode	educode			https://educode.be/	Brussels	BE														?									
	20190930	20190902	Percona Live	Percona Live			https://www.percona.com/live/19/	Amsterdam	NL														?									
	20190930	20190902	Open-Access-Tage	Open-Access-Tage			https://open-access.net/community/open-access-tage/open-access-tage-2019	Hannover	DE														?									
	20191004	20191004	OpenSource Lisbon	OpenSource Lisbon			https://opensourcelisbon.com/	Lisbon	PT														?									
	20191004	20191006	Hackers Congress	Hackers Congress			https://opt-out.hcpp.cz/	Prague	CZ														?									
	20191004	20191006	suckless conference	suckless conference			https://suckless.org/conferences/2019/	Bad Liebenzell	DE														?									
	20191005	20191006	LinuxDays	LinuxDays			https://www.linuxdays.cz/2019/en/	Prague	CZ														?									
yes	20201002	20201004	PyConES	PyConES Granada 2020	PyConES	PyConES	https://2020.es.pycon.org/	Granada	ES	Campus de la Salud - Universidad de Granada	https://www.openstreetmap.org/#map=17/37.18630/-3.60434	37.1863	-3.60434		https://2020.es.pycon.org/code-of-conduct/	PyConES es la conferencia de la comunidad Python española. PyConES se celebrará por séptima vez del 02 al 04 de octubre de 2020 en Granada, tras siete exitosas ediciones en Madrid, Zaragoza, Valencia, Almería, Cáceres, Málaga y Alicante, siguiendo el formato del evento mundial de PyCon. 			Community Conference	Python	?	?	?	ES	?	/data/eventlogos/2020/2020-piconesGR.jpg				https://twitter.com/PyConES		
yes	20201017	20201018	Sonoj Convention	Sonoj Convention			https://www.sonoj.org/	Cologne	DE	?						The Sonoj Convention is an annual event in Cologne, Germany about music production with free and open source software. It features demonstrations, talks and hands-on workshops. Meet like-minded people, learn insider knowledge and tricks, participate in our one-hour production challenge! 																
	20191010	20191013	Ubucon Europe	Ubucon Europe			http://ubucon.org/en/events/ubucon-europe/	Sintra	PT														?									
	20191011	20191013	FOSSCOM	FOSSCOM			https://2019.fosscomm.gr/	Lamia	GR														?									
	20191012	20191012	Hacktoberfest Poznań Meetup	Hacktoberfest Poznań Meetup			https://hacktoberfest.pl/	Poznań	PL														?									
	20191017	20191018	TYPO3 Conference	TYPO3 Conference			https://t3con19.typo3.com/	The Hague	NL														?									
	20191018	20191018	DINAcon	DINAcon			https://dinacon.ch/	Bern	CH														?									
	20191019	20191019	GNU/LinuxDay – Vorarlberg	GNU/LinuxDay – Vorarlberg			https://www.linuxday.at/	Dornbirn	AU														?									
	20191019	20191020	OggCamp (Free Culture/FLOSS Unconference)	OggCamp (Free Culture/FLOSS Unconference)			http://oggcamp.org/	Sheffield	UK														?									
	20191022	20191024	ApacheCon Europe	ApacheCon Europe			https://aceu19.apachecon.com/	Berlin	DE														?									
	20191025	20191026	WikidataCon	WikidataCon			https://www.wikidata.org/wiki/Wikidata:WikidataCon_2019	Berlin	DE														?									
	20191025	20191027	NixCon	NixCon 2019			https://2019.nixcon.org/	Brno	CZ														?									
	20191025	20191027	MiniDebConf in Vaumarcus	MiniDebConf in Vaumarcus			https://wiki.debian.org/DebianEvents/ch/2019/Vaumarcus	Vaumarcus	CH														?									
	20191026	20191026	PSSOH Conference	PSSOH Conference			http://pssoh.etf.bg.ac.rs/	Belgrade	RS														?									
	20191026	20191026	Linux Day across Italy	Linux Day across Italy			http://www.linuxday.it/																?									
	20191026	20191027	Sonoj Convention	Sonoj Convention			https://www.sonoj.org/	Cologne	DE														?									
	20191028	20191030	Open Source Summit + Embedded Linux Conference Europe	Open Source Summit + Embedded Linux Conference Europe			https://www.linuxfoundation.org/press-release/2019/01/the-linux-foundation-announces-2019-events-schedule/	Lyon	FR														?									
	20191102	20191102	EmacsConf	EmacsConf			https://emacsconf.org/2019/	Online															?									
	20191102	20191103	OpenFest	OpenFest			https://www.openfest.org/	Sofia	BG														?									
	20191107	20191108	Promcon	Promcon			https://promcon.io/2019-munich/	Munich	DE														?									
	20191109	20191109	OSHWDem	OSHWDem			https://oshwdem.org/	A Coruña	ES														?									
	20191112	20191115	Linux App Summit	Linux App Summit			https://linuxappsummit.org/	Barcelona	ES														?									
	20191115	20191115	SFScon	South Tyrol Free Software Conference	SFScon	SFScon	https://www.sfscon.it/	Bozen	IT							A conference all about Free Software: The South Tyrol Free Software Conference, SFScon, is one of Europe’s most established annual conferences on Free Software. SFScon promotes the use of Free Software in IT infrastructures as a tool to achieve greater innovation and competitiveness in the region. Here decision-makers and developers meet, learn and get inspired.			Community Conference		Zero	yes	?					Award,Hackathon				
	20191116	20191116	Linux Presentation Day 2019.2	Linux Presentation Day 2019.2			http://linux-presentation-day.org/																?									
	20191116	20191117	Capitole du libre	Capitole du libre			https://2019.capitoledulibre.org/	Toulouse	FR														?									
	20191121	20191123	Piksel	Piksel			http://piksel.no/	Bergen	NO														?									
	20191122	20191124	FIfFKon	FIfFKon			https://2019.fiffkon.de/	Bremen	DE														?									
	20191206	20191206	NorthernRST				https://northernrst.com/	Aberdeen	UK														?									
	20191213	20191215	GNU Health Con	GNU Health Con			http://www.gnuhealthcon.org/2019-liege/	Liège	BE														?									
	20191227	20191230	36th Chaos Communication Conference	36th Chaos Communication Conference		ccc,36c3	https://events.ccc.de/congress/2019/wiki/index.php	Leipzig	DE														?									
	20191210	20191211	Paris Open Source Summit	Paris Open Source Summit	POSS		https://www.opensourcesummit.paris/	Paris	FR																							
																																
							https://www.percona.com/live/conferences																									
							https://www.radical-openness.org/en																									
							https://x.fosdem.org/																									
							http://openrheinruhr.de/																							https://twitter.com/openrheinruhr		
							https://bits-und-baeume.org/en																									
							https://nuitduhack.com/fr																							https://nuitduhack.com/fr		
							https://trans.hackmeeting.org/																									
																														https://twitter.com/fossbckstg		
							https://www.librecon.io																							https://mobile.twitter.com/librecon		
							https://fscons.org																							https://twitter.com/fscons		
							https://opensourcedesign.net/summit/																									
